filename,nbWord,nbConcepts,nbUniqueConcepts,conceptsWordsRatio,uniqueConceptsWordsRatio,nbNodes,radius,diameter,assortativity,density,textDensityMean,textDensityStd,nbTypesMean,nbTypesStd,nbLinkInMean,nbLinkInStd,nbLinkOutMean,nbLinkOutStd,nbNodes_DBPedia,density_DBPedia,nbNodes_Schema,density_Schema,nbNodes_yago,density_yago
455,1.0,0.0,0.0,0.0,0.0,0.0,0.0,0.0,0.0,1.0,0.0,,,,,,,0.0,1.0,0.0,1.0,0.0,1.0,
153,1.0,0.0,0.0,0.0,0.0,0.0,0.0,0.0,0.0,1.0,0.0,,,,,,,0.0,1.0,0.0,1.0,0.0,1.0,
145,1.0,0.0,0.0,0.0,0.0,0.0,0.0,0.0,0.0,1.0,0.0,,,,,,,0.0,1.0,0.0,1.0,0.0,1.0,
268,1.0,0.0,0.0,0.0,0.0,0.0,0.0,0.0,0.0,1.0,0.0,,,,,,,0.0,1.0,0.0,1.0,0.0,1.0,
443,1.0,0.0,0.0,0.0,0.0,0.0,0.0,0.0,0.0,1.0,0.0,,,,,,,0.0,1.0,0.0,1.0,0.0,1.0,
457,1.0,0.0,0.0,0.0,0.0,0.0,0.0,0.0,0.0,1.0,0.0,,,,,,,0.0,1.0,0.0,1.0,0.0,1.0,
371,1.0,0.0,0.0,0.0,0.0,0.0,0.0,0.0,0.0,1.0,0.0,,,,,,,0.0,1.0,0.0,1.0,0.0,1.0,
275,1.0,0.0,0.0,0.0,0.0,0.0,0.0,0.0,0.0,1.0,0.0,,,,,,,0.0,1.0,0.0,1.0,0.0,1.0,
505,1.0,0.0,0.0,0.0,0.0,0.0,0.0,0.0,0.0,1.0,0.0,,,,,,,0.0,1.0,0.0,1.0,0.0,1.0,
278,1.0,0.0,0.0,0.0,0.0,0.0,0.0,0.0,0.0,1.0,0.0,,,,,,,0.0,1.0,0.0,1.0,0.0,1.0,
149,1.0,0.0,0.0,0.0,0.0,0.0,0.0,0.0,0.0,1.0,0.0,,,,,,,0.0,1.0,0.0,1.0,0.0,1.0,
519,1.0,0.0,0.0,0.0,0.0,0.0,0.0,0.0,0.0,1.0,0.0,,,,,,,0.0,1.0,0.0,1.0,0.0,1.0,
385,1.0,0.0,0.0,0.0,0.0,0.0,0.0,0.0,0.0,1.0,0.0,,,,,,,0.0,1.0,0.0,1.0,0.0,1.0,
92,1728.0,51.0,46.0,0.029513888888888888,0.02662037037037037,533.0,4.0,8.0,-0.30131489922900656,0.009691207380552696,3.1704239268961754,4.002773780595128,21.956521739130434,27.653096785256167,13857.130434782608,30255.64113452643,649.304347826087,485.0549887950947,92.0,0.036311514572384136,63.0,0.025089605734767026,467.0,0.010522833169440589
144,1.0,0.0,0.0,0.0,0.0,0.0,0.0,0.0,0.0,1.0,0.0,,,,,,,0.0,1.0,0.0,1.0,0.0,1.0,
325,1.0,0.0,0.0,0.0,0.0,0.0,0.0,0.0,0.0,1.0,0.0,,,,,,,0.0,1.0,0.0,1.0,0.0,1.0,
115,1623.0,168.0,92.0,0.10351201478743069,0.056685150955021565,831.0,5.0,10.0,-0.14258905520078144,0.006686674495817204,3.4612264554295136,4.455796801128474,19.608695652173914,18.005407715304003,16199.467391304348,67337.02680876687,1412.8804347826087,8338.716284847591,162.0,0.020703933747412008,111.0,0.012612612612612612,738.0,0.007071074781304122
436,1.0,0.0,0.0,0.0,0.0,0.0,0.0,0.0,0.0,1.0,0.0,,,,,,,0.0,1.0,0.0,1.0,0.0,1.0,
5,1.0,0.0,0.0,0.0,0.0,0.0,0.0,0.0,0.0,1.0,0.0,,,,,,,0.0,1.0,0.0,1.0,0.0,1.0,
229,1.0,0.0,0.0,0.0,0.0,0.0,0.0,0.0,0.0,1.0,0.0,,,,,,,0.0,1.0,0.0,1.0,0.0,1.0,
465,1.0,0.0,0.0,0.0,0.0,0.0,0.0,0.0,0.0,1.0,0.0,,,,,,,0.0,1.0,0.0,1.0,0.0,1.0,
344,1.0,0.0,0.0,0.0,0.0,0.0,0.0,0.0,0.0,1.0,0.0,,,,,,,0.0,1.0,0.0,1.0,0.0,1.0,
113,1.0,0.0,0.0,0.0,0.0,0.0,0.0,0.0,0.0,1.0,0.0,,,,,,,0.0,1.0,0.0,1.0,0.0,1.0,
213,1.0,0.0,0.0,0.0,0.0,0.0,0.0,0.0,0.0,1.0,0.0,,,,,,,0.0,1.0,0.0,1.0,0.0,1.0,
277,1.0,0.0,0.0,0.0,0.0,0.0,0.0,0.0,0.0,1.0,0.0,,,,,,,0.0,1.0,0.0,1.0,0.0,1.0,
332,1.0,0.0,0.0,0.0,0.0,0.0,0.0,0.0,0.0,1.0,0.0,,,,,,,0.0,1.0,0.0,1.0,0.0,1.0,
471,1.0,0.0,0.0,0.0,0.0,0.0,0.0,0.0,0.0,1.0,0.0,,,,,,,0.0,1.0,0.0,1.0,0.0,1.0,
261,1.0,0.0,0.0,0.0,0.0,0.0,0.0,0.0,0.0,1.0,0.0,,,,,,,0.0,1.0,0.0,1.0,0.0,1.0,
374,1.0,0.0,0.0,0.0,0.0,0.0,0.0,0.0,0.0,1.0,0.0,,,,,,,0.0,1.0,0.0,1.0,0.0,1.0,
500,1.0,0.0,0.0,0.0,0.0,0.0,0.0,0.0,0.0,1.0,0.0,,,,,,,0.0,1.0,0.0,1.0,0.0,1.0,
487,1.0,0.0,0.0,0.0,0.0,0.0,0.0,0.0,0.0,1.0,0.0,,,,,,,0.0,1.0,0.0,1.0,0.0,1.0,
117,15010.0,535.0,214.0,0.03564290473017988,0.014257161892071952,1444.0,6.0,11.0,-0.08099051167186834,0.003962197868015042,2.3631222092180146,2.7706832997355653,15.710280373831775,15.560259317082362,8703.341121495327,46378.33881474639,398.5327102803738,321.7718852328451,315.0,0.0097260135476696,238.0,0.004361238166152537,1315.0,0.004022200230336071
400,1.0,0.0,0.0,0.0,0.0,0.0,0.0,0.0,0.0,1.0,0.0,,,,,,,0.0,1.0,0.0,1.0,0.0,1.0,
538,1.0,0.0,0.0,0.0,0.0,0.0,0.0,0.0,0.0,1.0,0.0,,,,,,,0.0,1.0,0.0,1.0,0.0,1.0,
485,1.0,0.0,0.0,0.0,0.0,0.0,0.0,0.0,0.0,1.0,0.0,,,,,,,0.0,1.0,0.0,1.0,0.0,1.0,
85,1.0,0.0,0.0,0.0,0.0,0.0,0.0,0.0,0.0,1.0,0.0,,,,,,,0.0,1.0,0.0,1.0,0.0,1.0,
238,1.0,0.0,0.0,0.0,0.0,0.0,0.0,0.0,0.0,1.0,0.0,,,,,,,0.0,1.0,0.0,1.0,0.0,1.0,
150,1.0,0.0,0.0,0.0,0.0,0.0,0.0,0.0,0.0,1.0,0.0,,,,,,,0.0,1.0,0.0,1.0,0.0,1.0,
269,1.0,0.0,0.0,0.0,0.0,0.0,0.0,0.0,0.0,1.0,0.0,,,,,,,0.0,1.0,0.0,1.0,0.0,1.0,
25,1483.0,73.0,26.0,0.049224544841537425,0.01753202966958867,205.0,4.0,8.0,-0.2772375812235159,0.018651362984218076,4.772905405991402,5.776451620504852,8.692307692307692,12.028073670086068,1755.576923076923,3030.412388451915,327.15384615384613,219.97144785135748,60.0,0.029943502824858758,35.0,0.020168067226890758,159.0,0.02380383727410238
174,1.0,0.0,0.0,0.0,0.0,0.0,0.0,0.0,0.0,1.0,0.0,,,,,,,0.0,1.0,0.0,1.0,0.0,1.0,
245,1.0,0.0,0.0,0.0,0.0,0.0,0.0,0.0,0.0,1.0,0.0,,,,,,,0.0,1.0,0.0,1.0,0.0,1.0,
541,1.0,0.0,0.0,0.0,0.0,0.0,0.0,0.0,0.0,1.0,0.0,,,,,,,0.0,1.0,0.0,1.0,0.0,1.0,
265,2105.0,142.0,68.0,0.067458432304038,0.032304038004750596,641.0,5.0,8.0,-0.2736124319084295,0.007702808112324493,2.357246997149076,3.032687109531939,16.970588235294116,20.48670342688247,11724.529411764706,71395.8878265636,460.95588235294116,353.82736875086783,118.0,0.024771838331160364,84.0,0.013482501434308663,571.0,0.008178941223461456
364,1.0,0.0,0.0,0.0,0.0,0.0,0.0,0.0,0.0,1.0,0.0,,,,,,,0.0,1.0,0.0,1.0,0.0,1.0,
520,1.0,0.0,0.0,0.0,0.0,0.0,0.0,0.0,0.0,1.0,0.0,,,,,,,0.0,1.0,0.0,1.0,0.0,1.0,
107,1.0,0.0,0.0,0.0,0.0,0.0,0.0,0.0,0.0,1.0,0.0,,,,,,,0.0,1.0,0.0,1.0,0.0,1.0,
253,1.0,0.0,0.0,0.0,0.0,0.0,0.0,0.0,0.0,1.0,0.0,,,,,,,0.0,1.0,0.0,1.0,0.0,1.0,
121,1.0,0.0,0.0,0.0,0.0,0.0,0.0,0.0,0.0,1.0,0.0,,,,,,,0.0,1.0,0.0,1.0,0.0,1.0,
22,1.0,0.0,0.0,0.0,0.0,0.0,0.0,0.0,0.0,1.0,0.0,,,,,,,0.0,1.0,0.0,1.0,0.0,1.0,
214,1.0,0.0,0.0,0.0,0.0,0.0,0.0,0.0,0.0,1.0,0.0,,,,,,,0.0,1.0,0.0,1.0,0.0,1.0,
254,1.0,0.0,0.0,0.0,0.0,0.0,0.0,0.0,0.0,1.0,0.0,,,,,,,0.0,1.0,0.0,1.0,0.0,1.0,
112,1.0,0.0,0.0,0.0,0.0,0.0,0.0,0.0,0.0,1.0,0.0,,,,,,,0.0,1.0,0.0,1.0,0.0,1.0,
525,1.0,0.0,0.0,0.0,0.0,0.0,0.0,0.0,0.0,1.0,0.0,,,,,,,0.0,1.0,0.0,1.0,0.0,1.0,
1,1.0,0.0,0.0,0.0,0.0,0.0,0.0,0.0,0.0,1.0,0.0,,,,,,,0.0,1.0,0.0,1.0,0.0,1.0,
55,1.0,0.0,0.0,0.0,0.0,0.0,0.0,0.0,0.0,1.0,0.0,,,,,,,0.0,1.0,0.0,1.0,0.0,1.0,
494,1.0,0.0,0.0,0.0,0.0,0.0,0.0,0.0,0.0,1.0,0.0,,,,,,,0.0,1.0,0.0,1.0,0.0,1.0,
537,1.0,0.0,0.0,0.0,0.0,0.0,0.0,0.0,0.0,1.0,0.0,,,,,,,0.0,1.0,0.0,1.0,0.0,1.0,
8,20814.0,874.0,344.0,0.04199096761794946,0.016527337369078503,2834.0,5.0,8.0,-0.16173716056209597,0.0022412035190656743,2.6800961171285214,3.2023341486328896,21.921511627906977,24.25236027916314,10599.764534883721,43808.81768063788,482.30232558139534,448.79828741349866,473.0,0.008761242698964418,380.0,0.0038744618802944034,2665.0,0.0021640777738338715
177,1.0,0.0,0.0,0.0,0.0,0.0,0.0,0.0,0.0,1.0,0.0,,,,,,,0.0,1.0,0.0,1.0,0.0,1.0,
152,1.0,0.0,0.0,0.0,0.0,0.0,0.0,0.0,0.0,1.0,0.0,,,,,,,0.0,1.0,0.0,1.0,0.0,1.0,
281,1.0,0.0,0.0,0.0,0.0,0.0,0.0,0.0,0.0,1.0,0.0,,,,,,,0.0,1.0,0.0,1.0,0.0,1.0,
230,1.0,0.0,0.0,0.0,0.0,0.0,0.0,0.0,0.0,1.0,0.0,,,,,,,0.0,1.0,0.0,1.0,0.0,1.0,
123,1.0,0.0,0.0,0.0,0.0,0.0,0.0,0.0,0.0,1.0,0.0,,,,,,,0.0,1.0,0.0,1.0,0.0,1.0,
56,7294.0,397.0,183.0,0.05442829723060049,0.02508911434055388,1032.0,5.0,10.0,-0.06664188993371573,0.005507560207219603,3.6675289913201516,4.524484389518768,13.939890710382514,13.41769869386781,13830.639344262296,55240.21450500035,1809.808743169399,10171.204005949046,276.0,0.011541501976284585,202.0,0.0057140042362445196,916.0,0.005547999140954971
448,1.0,0.0,0.0,0.0,0.0,0.0,0.0,0.0,0.0,1.0,0.0,,,,,,,0.0,1.0,0.0,1.0,0.0,1.0,
506,2544.0,146.0,80.0,0.05738993710691824,0.031446540880503145,911.0,4.0,8.0,-0.30207291132283925,0.005756263495012123,2.3085232583137523,2.848347162185052,21.425,20.653555989223744,5836.725,24156.403190963152,492.0125,348.268197433745,152.0,0.018647612408504707,97.0,0.011597938144329897,818.0,0.006233671402022427
220,1.0,0.0,0.0,0.0,0.0,0.0,0.0,0.0,0.0,1.0,0.0,,,,,,,0.0,1.0,0.0,1.0,0.0,1.0,
421,1.0,0.0,0.0,0.0,0.0,0.0,0.0,0.0,0.0,1.0,0.0,,,,,,,0.0,1.0,0.0,1.0,0.0,1.0,
189,1.0,0.0,0.0,0.0,0.0,0.0,0.0,0.0,0.0,1.0,0.0,,,,,,,0.0,1.0,0.0,1.0,0.0,1.0,
35,1.0,0.0,0.0,0.0,0.0,0.0,0.0,0.0,0.0,1.0,0.0,,,,,,,0.0,1.0,0.0,1.0,0.0,1.0,
58,1.0,0.0,0.0,0.0,0.0,0.0,0.0,0.0,0.0,1.0,0.0,,,,,,,0.0,1.0,0.0,1.0,0.0,1.0,
233,2624.0,189.0,73.0,0.07202743902439024,0.027820121951219513,668.0,5.0,10.0,-0.20600261772214543,0.008093258759841637,2.841315685171945,3.4323186274485313,19.054794520547944,20.758157604892567,17113.95890410959,71535.573860658,557.082191780822,466.1091280718587,133.0,0.02460697197539303,88.0,0.01541274817136886,589.0,0.008662208516683414
90,1.0,0.0,0.0,0.0,0.0,0.0,0.0,0.0,0.0,1.0,0.0,,,,,,,0.0,1.0,0.0,1.0,0.0,1.0,
101,1.0,0.0,0.0,0.0,0.0,0.0,0.0,0.0,0.0,1.0,0.0,,,,,,,0.0,1.0,0.0,1.0,0.0,1.0,
536,927.0,97.0,50.0,0.104638619201726,0.05393743257820928,740.0,5.0,9.0,-0.3058923620303863,0.0073108290970266615,3.2316527075599604,3.8454452716273955,29.74,33.435197023496066,18783.86,83020.15938915318,637.52,477.57199415376107,109.0,0.03329935440027183,62.0,0.023796932839767318,666.0,0.007807807807807808
341,1.0,0.0,0.0,0.0,0.0,0.0,0.0,0.0,0.0,1.0,0.0,,,,,,,0.0,1.0,0.0,1.0,0.0,1.0,
483,2651.0,112.0,59.0,0.042248208223311955,0.022255752546208978,539.0,4.0,8.0,-0.16005196245563041,0.009924753950245188,2.990735353473295,3.6129151969085087,18.54237288135593,14.144918275250014,13568.033898305084,76848.75654761179,384.271186440678,349.4902743734698,122.0,0.02560628641105541,77.0,0.019138755980861243,454.0,0.011319543717361496
404,4627.0,276.0,110.0,0.05964988113248325,0.023773503349902744,727.0,5.0,10.0,-0.18078071711610819,0.0076430176467690535,3.2754365252196727,3.8731870384440525,15.190909090909091,16.434716832223547,14527.690909090908,51110.9942502581,456.1272727272727,420.19653646382943,182.0,0.018092404832736324,125.0,0.010193548387096775,636.0,0.007918585648492052
354,1.0,0.0,0.0,0.0,0.0,0.0,0.0,0.0,0.0,1.0,0.0,,,,,,,0.0,1.0,0.0,1.0,0.0,1.0,
358,1.0,0.0,0.0,0.0,0.0,0.0,0.0,0.0,0.0,1.0,0.0,,,,,,,0.0,1.0,0.0,1.0,0.0,1.0,
338,1897.0,182.0,69.0,0.0959409594095941,0.03637322087506589,939.0,4.0,8.0,-0.29038493275648214,0.006355715716261231,3.9225711951594335,4.699818867980993,31.82608695652174,33.02566262672814,19797.072463768116,75642.79044437838,722.1594202898551,520.0290299362867,121.0,0.03526170798898071,87.0,0.019780807270783213,865.0,0.006518946692357097
321,1.0,0.0,0.0,0.0,0.0,0.0,0.0,0.0,0.0,1.0,0.0,,,,,,,0.0,1.0,0.0,1.0,0.0,1.0,
74,1.0,0.0,0.0,0.0,0.0,0.0,0.0,0.0,0.0,1.0,0.0,,,,,,,0.0,1.0,0.0,1.0,0.0,1.0,
493,1.0,0.0,0.0,0.0,0.0,0.0,0.0,0.0,0.0,1.0,0.0,,,,,,,0.0,1.0,0.0,1.0,0.0,1.0,
33,1.0,0.0,0.0,0.0,0.0,0.0,0.0,0.0,0.0,1.0,0.0,,,,,,,0.0,1.0,0.0,1.0,0.0,1.0,
219,1.0,0.0,0.0,0.0,0.0,0.0,0.0,0.0,0.0,1.0,0.0,,,,,,,0.0,1.0,0.0,1.0,0.0,1.0,
98,7339.0,289.0,111.0,0.03937866194304401,0.015124676386428669,1029.0,5.0,9.0,-0.15887210918314718,0.005029249053707086,3.5549495158823095,4.152930059345755,17.846846846846848,19.668971401768097,4728.828828828829,20800.836534145692,456.4684684684685,458.0173453543023,187.0,0.015467770685987006,130.0,0.0069171138938580795,930.0,0.0053196291537900625
323,1.0,0.0,0.0,0.0,0.0,0.0,0.0,0.0,0.0,1.0,0.0,,,,,,,0.0,1.0,0.0,1.0,0.0,1.0,
331,1.0,0.0,0.0,0.0,0.0,0.0,0.0,0.0,0.0,1.0,0.0,,,,,,,0.0,1.0,0.0,1.0,0.0,1.0,
339,1.0,0.0,0.0,0.0,0.0,0.0,0.0,0.0,0.0,1.0,0.0,,,,,,,0.0,1.0,0.0,1.0,0.0,1.0,
349,3155.0,245.0,135.0,0.07765451664025357,0.042789223454833596,934.0,4.0,8.0,-0.15943924568209342,0.006974806695263604,4.807136831545712,5.528357900967073,19.2,20.714925733589975,10316.488888888889,52136.71395885682,491.56296296296296,416.1470467925776,209.0,0.018862716231137285,151.0,0.008653421633554084,840.0,0.007086100232703332
126,1.0,0.0,0.0,0.0,0.0,0.0,0.0,0.0,0.0,1.0,0.0,,,,,,,0.0,1.0,0.0,1.0,0.0,1.0,
334,1.0,0.0,0.0,0.0,0.0,0.0,0.0,0.0,0.0,1.0,0.0,,,,,,,0.0,1.0,0.0,1.0,0.0,1.0,
159,1.0,0.0,0.0,0.0,0.0,0.0,0.0,0.0,0.0,1.0,0.0,,,,,,,0.0,1.0,0.0,1.0,0.0,1.0,
239,1.0,0.0,0.0,0.0,0.0,0.0,0.0,0.0,0.0,1.0,0.0,,,,,,,0.0,1.0,0.0,1.0,0.0,1.0,
120,1.0,0.0,0.0,0.0,0.0,0.0,0.0,0.0,0.0,1.0,0.0,,,,,,,0.0,1.0,0.0,1.0,0.0,1.0,
252,1.0,0.0,0.0,0.0,0.0,0.0,0.0,0.0,0.0,1.0,0.0,,,,,,,0.0,1.0,0.0,1.0,0.0,1.0,
50,1.0,0.0,0.0,0.0,0.0,0.0,0.0,0.0,0.0,1.0,0.0,,,,,,,0.0,1.0,0.0,1.0,0.0,1.0,
231,1.0,0.0,0.0,0.0,0.0,0.0,0.0,0.0,0.0,1.0,0.0,,,,,,,0.0,1.0,0.0,1.0,0.0,1.0,
461,1.0,0.0,0.0,0.0,0.0,0.0,0.0,0.0,0.0,1.0,0.0,,,,,,,0.0,1.0,0.0,1.0,0.0,1.0,
452,1.0,0.0,0.0,0.0,0.0,0.0,0.0,0.0,0.0,1.0,0.0,,,,,,,0.0,1.0,0.0,1.0,0.0,1.0,
388,1984.0,90.0,41.0,0.04536290322580645,0.02066532258064516,412.0,4.0,8.0,-0.2459214768856056,0.012637894786573123,2.264266048600983,3.4185735940579907,20.414634146341463,15.081850843518879,24892.80487804878,93681.225181325,476.9024390243902,460.2518295231612,83.0,0.044078754040552455,58.0,0.03508771929824561,350.0,0.013835448219402375
486,1.0,0.0,0.0,0.0,0.0,0.0,0.0,0.0,0.0,1.0,0.0,,,,,,,0.0,1.0,0.0,1.0,0.0,1.0,
403,1.0,0.0,0.0,0.0,0.0,0.0,0.0,0.0,0.0,1.0,0.0,,,,,,,0.0,1.0,0.0,1.0,0.0,1.0,
373,1.0,0.0,0.0,0.0,0.0,0.0,0.0,0.0,0.0,1.0,0.0,,,,,,,0.0,1.0,0.0,1.0,0.0,1.0,
431,1.0,0.0,0.0,0.0,0.0,0.0,0.0,0.0,0.0,1.0,0.0,,,,,,,0.0,1.0,0.0,1.0,0.0,1.0,
83,1.0,0.0,0.0,0.0,0.0,0.0,0.0,0.0,0.0,1.0,0.0,,,,,,,0.0,1.0,0.0,1.0,0.0,1.0,
434,1.0,0.0,0.0,0.0,0.0,0.0,0.0,0.0,0.0,1.0,0.0,,,,,,,0.0,1.0,0.0,1.0,0.0,1.0,
459,1.0,0.0,0.0,0.0,0.0,0.0,0.0,0.0,0.0,1.0,0.0,,,,,,,0.0,1.0,0.0,1.0,0.0,1.0,
136,923.0,85.0,62.0,0.09209100758396534,0.06717226435536294,322.0,4.0,7.0,-0.21487399897336484,0.016466399643969738,3.458582594616182,4.436579696451466,11.548387096774194,10.449073765642268,3945.548387096774,12900.46391723634,4302.112903225807,17180.018423611775,101.0,0.02594059405940594,72.0,0.00782472613458529,269.0,0.01850413360705765
203,2034.0,140.0,46.0,0.0688298918387414,0.02261553588987217,350.0,4.0,8.0,-0.1857230134221616,0.013082275890298813,4.885045350893459,5.889132521168204,12.195652173913043,15.481573289920858,9714.304347826086,28051.0038539037,505.8695652173913,455.31162805153724,84.0,0.02868617326448652,56.0,0.015584415584415584,299.0,0.014567574240757783
283,1420.0,75.0,50.0,0.0528169014084507,0.035211267605633804,486.0,5.0,9.0,-0.24165422476497828,0.010292308345000212,4.627685768871927,5.396884333508591,17.94,17.8464674375631,23129.52,87652.0493492856,590.18,546.5222297400171,102.0,0.030867792661619105,69.0,0.022591645353793693,412.0,0.0114804053575225
251,1.0,0.0,0.0,0.0,0.0,0.0,0.0,0.0,0.0,1.0,0.0,,,,,,,0.0,1.0,0.0,1.0,0.0,1.0,
372,1.0,0.0,0.0,0.0,0.0,0.0,0.0,0.0,0.0,1.0,0.0,,,,,,,0.0,1.0,0.0,1.0,0.0,1.0,
472,1.0,0.0,0.0,0.0,0.0,0.0,0.0,0.0,0.0,1.0,0.0,,,,,,,0.0,1.0,0.0,1.0,0.0,1.0,
427,1.0,0.0,0.0,0.0,0.0,0.0,0.0,0.0,0.0,1.0,0.0,,,,,,,0.0,1.0,0.0,1.0,0.0,1.0,
105,1.0,0.0,0.0,0.0,0.0,0.0,0.0,0.0,0.0,1.0,0.0,,,,,,,0.0,1.0,0.0,1.0,0.0,1.0,
36,1.0,0.0,0.0,0.0,0.0,0.0,0.0,0.0,0.0,1.0,0.0,,,,,,,0.0,1.0,0.0,1.0,0.0,1.0,
473,1.0,0.0,0.0,0.0,0.0,0.0,0.0,0.0,0.0,1.0,0.0,,,,,,,0.0,1.0,0.0,1.0,0.0,1.0,
197,1.0,0.0,0.0,0.0,0.0,0.0,0.0,0.0,0.0,1.0,0.0,,,,,,,0.0,1.0,0.0,1.0,0.0,1.0,
532,1.0,0.0,0.0,0.0,0.0,0.0,0.0,0.0,0.0,1.0,0.0,,,,,,,0.0,1.0,0.0,1.0,0.0,1.0,
178,1.0,0.0,0.0,0.0,0.0,0.0,0.0,0.0,0.0,1.0,0.0,,,,,,,0.0,1.0,0.0,1.0,0.0,1.0,
521,1.0,0.0,0.0,0.0,0.0,0.0,0.0,0.0,0.0,1.0,0.0,,,,,,,0.0,1.0,0.0,1.0,0.0,1.0,
260,1.0,0.0,0.0,0.0,0.0,0.0,0.0,0.0,0.0,1.0,0.0,,,,,,,0.0,1.0,0.0,1.0,0.0,1.0,
32,1.0,0.0,0.0,0.0,0.0,0.0,0.0,0.0,0.0,1.0,0.0,,,,,,,0.0,1.0,0.0,1.0,0.0,1.0,
502,1.0,0.0,0.0,0.0,0.0,0.0,0.0,0.0,0.0,1.0,0.0,,,,,,,0.0,1.0,0.0,1.0,0.0,1.0,
429,1.0,0.0,0.0,0.0,0.0,0.0,0.0,0.0,0.0,1.0,0.0,,,,,,,0.0,1.0,0.0,1.0,0.0,1.0,
394,1.0,0.0,0.0,0.0,0.0,0.0,0.0,0.0,0.0,1.0,0.0,,,,,,,0.0,1.0,0.0,1.0,0.0,1.0,
316,1.0,0.0,0.0,0.0,0.0,0.0,0.0,0.0,0.0,1.0,0.0,,,,,,,0.0,1.0,0.0,1.0,0.0,1.0,
262,1.0,0.0,0.0,0.0,0.0,0.0,0.0,0.0,0.0,1.0,0.0,,,,,,,0.0,1.0,0.0,1.0,0.0,1.0,
435,1.0,0.0,0.0,0.0,0.0,0.0,0.0,0.0,0.0,1.0,0.0,,,,,,,0.0,1.0,0.0,1.0,0.0,1.0,
282,1.0,0.0,0.0,0.0,0.0,0.0,0.0,0.0,0.0,1.0,0.0,,,,,,,0.0,1.0,0.0,1.0,0.0,1.0,
18,1.0,0.0,0.0,0.0,0.0,0.0,0.0,0.0,0.0,1.0,0.0,,,,,,,0.0,1.0,0.0,1.0,0.0,1.0,
555,1334.0,114.0,68.0,0.08545727136431784,0.050974512743628186,822.0,4.0,8.0,-0.16493065203523788,0.009895356383971834,1.673013800809225,2.8138704949340805,44.294117647058826,27.055530490156833,2842.8823529411766,9201.565756354303,578.2647058823529,261.8574273984548,103.0,0.0633923472301542,76.0,0.022105263157894735,777.0,0.009695630829651448
356,1.0,0.0,0.0,0.0,0.0,0.0,0.0,0.0,0.0,1.0,0.0,,,,,,,0.0,1.0,0.0,1.0,0.0,1.0,
30,1.0,0.0,0.0,0.0,0.0,0.0,0.0,0.0,0.0,1.0,0.0,,,,,,,0.0,1.0,0.0,1.0,0.0,1.0,
490,1.0,0.0,0.0,0.0,0.0,0.0,0.0,0.0,0.0,1.0,0.0,,,,,,,0.0,1.0,0.0,1.0,0.0,1.0,
377,1424.0,58.0,45.0,0.04073033707865169,0.03160112359550562,535.0,4.0,8.0,-0.20012777569697363,0.009408799747978577,2.9048335022793363,3.4914903421241354,21.377777777777776,21.219790436591015,4552.866666666667,11827.743153939196,425.4888888888889,337.9794617180308,94.0,0.03454587051018074,61.0,0.025683060109289616,467.0,0.010311457481320823
124,6001.0,209.0,75.0,0.034827528745209134,0.012497917013831027,673.0,4.0,7.0,-0.21751434977792017,0.00807065025118517,4.048987556887625,4.758054541043974,18.773333333333333,21.997317008116138,10185.026666666667,68053.26310921926,386.68,356.5900039728166,135.0,0.02377003869541183,92.0,0.013616817964644052,592.0,0.008688891937622902
215,1.0,0.0,0.0,0.0,0.0,0.0,0.0,0.0,0.0,1.0,0.0,,,,,,,0.0,1.0,0.0,1.0,0.0,1.0,
416,1.0,0.0,0.0,0.0,0.0,0.0,0.0,0.0,0.0,1.0,0.0,,,,,,,0.0,1.0,0.0,1.0,0.0,1.0,
130,1.0,0.0,0.0,0.0,0.0,0.0,0.0,0.0,0.0,1.0,0.0,,,,,,,0.0,1.0,0.0,1.0,0.0,1.0,
489,1.0,0.0,0.0,0.0,0.0,0.0,0.0,0.0,0.0,1.0,0.0,,,,,,,0.0,1.0,0.0,1.0,0.0,1.0,
488,1.0,0.0,0.0,0.0,0.0,0.0,0.0,0.0,0.0,1.0,0.0,,,,,,,0.0,1.0,0.0,1.0,0.0,1.0,
64,1.0,0.0,0.0,0.0,0.0,0.0,0.0,0.0,0.0,1.0,0.0,,,,,,,0.0,1.0,0.0,1.0,0.0,1.0,
484,1.0,0.0,0.0,0.0,0.0,0.0,0.0,0.0,0.0,1.0,0.0,,,,,,,0.0,1.0,0.0,1.0,0.0,1.0,
447,1.0,0.0,0.0,0.0,0.0,0.0,0.0,0.0,0.0,1.0,0.0,,,,,,,0.0,1.0,0.0,1.0,0.0,1.0,
333,1.0,0.0,0.0,0.0,0.0,0.0,0.0,0.0,0.0,1.0,0.0,,,,,,,0.0,1.0,0.0,1.0,0.0,1.0,
96,878.0,107.0,23.0,0.12186788154897495,0.02619589977220957,251.0,4.0,7.0,-0.20539803522986944,0.016796812749003985,3.881656672419539,4.908200901269938,15.0,25.02172968684897,27257.652173913044,120857.71537516793,466.95652173913044,391.30444927534916,49.0,0.0467687074829932,31.0,0.02795698924731183,214.0,0.01917423544381554
352,1.0,0.0,0.0,0.0,0.0,0.0,0.0,0.0,0.0,1.0,0.0,,,,,,,0.0,1.0,0.0,1.0,0.0,1.0,
106,1.0,0.0,0.0,0.0,0.0,0.0,0.0,0.0,0.0,1.0,0.0,,,,,,,0.0,1.0,0.0,1.0,0.0,1.0,
413,1.0,0.0,0.0,0.0,0.0,0.0,0.0,0.0,0.0,1.0,0.0,,,,,,,0.0,1.0,0.0,1.0,0.0,1.0,
259,1.0,0.0,0.0,0.0,0.0,0.0,0.0,0.0,0.0,1.0,0.0,,,,,,,0.0,1.0,0.0,1.0,0.0,1.0,
222,1.0,0.0,0.0,0.0,0.0,0.0,0.0,0.0,0.0,1.0,0.0,,,,,,,0.0,1.0,0.0,1.0,0.0,1.0,
14,1.0,0.0,0.0,0.0,0.0,0.0,0.0,0.0,0.0,1.0,0.0,,,,,,,0.0,1.0,0.0,1.0,0.0,1.0,
552,1.0,0.0,0.0,0.0,0.0,0.0,0.0,0.0,0.0,1.0,0.0,,,,,,,0.0,1.0,0.0,1.0,0.0,1.0,
440,1.0,0.0,0.0,0.0,0.0,0.0,0.0,0.0,0.0,1.0,0.0,,,,,,,0.0,1.0,0.0,1.0,0.0,1.0,
73,1.0,0.0,0.0,0.0,0.0,0.0,0.0,0.0,0.0,1.0,0.0,,,,,,,0.0,1.0,0.0,1.0,0.0,1.0,
66,1.0,0.0,0.0,0.0,0.0,0.0,0.0,0.0,0.0,1.0,0.0,,,,,,,0.0,1.0,0.0,1.0,0.0,1.0,
479,1.0,0.0,0.0,0.0,0.0,0.0,0.0,0.0,0.0,1.0,0.0,,,,,,,0.0,1.0,0.0,1.0,0.0,1.0,
188,1.0,0.0,0.0,0.0,0.0,0.0,0.0,0.0,0.0,1.0,0.0,,,,,,,0.0,1.0,0.0,1.0,0.0,1.0,
272,1001.0,28.0,11.0,0.027972027972027972,0.01098901098901099,128.0,4.0,7.0,-0.23111281381545573,0.03211122047244094,4.845447674273101,4.837660527027936,14.636363636363637,10.40343236430543,2612.0,5195.290157265696,385.0,264.8392308209231,32.0,0.06451612903225806,17.0,0.0661764705882353,99.0,0.042465471036899606
495,1.0,0.0,0.0,0.0,0.0,0.0,0.0,0.0,0.0,1.0,0.0,,,,,,,0.0,1.0,0.0,1.0,0.0,1.0,
406,1.0,0.0,0.0,0.0,0.0,0.0,0.0,0.0,0.0,1.0,0.0,,,,,,,0.0,1.0,0.0,1.0,0.0,1.0,
147,1.0,0.0,0.0,0.0,0.0,0.0,0.0,0.0,0.0,1.0,0.0,,,,,,,0.0,1.0,0.0,1.0,0.0,1.0,
547,1.0,0.0,0.0,0.0,0.0,0.0,0.0,0.0,0.0,1.0,0.0,,,,,,,0.0,1.0,0.0,1.0,0.0,1.0,
274,1.0,0.0,0.0,0.0,0.0,0.0,0.0,0.0,0.0,1.0,0.0,,,,,,,0.0,1.0,0.0,1.0,0.0,1.0,
343,1.0,0.0,0.0,0.0,0.0,0.0,0.0,0.0,0.0,1.0,0.0,,,,,,,0.0,1.0,0.0,1.0,0.0,1.0,
445,1.0,0.0,0.0,0.0,0.0,0.0,0.0,0.0,0.0,1.0,0.0,,,,,,,0.0,1.0,0.0,1.0,0.0,1.0,
530,1.0,0.0,0.0,0.0,0.0,0.0,0.0,0.0,0.0,1.0,0.0,,,,,,,0.0,1.0,0.0,1.0,0.0,1.0,
139,892.0,38.0,29.0,0.042600896860986545,0.032511210762331835,456.0,4.0,8.0,-0.25907943030679115,0.009726238673607095,3.685100484583478,4.2992342544383195,22.413793103448278,29.64097494950518,24314.827586206895,108333.89660899084,584.3793103448276,426.6034590765481,76.0,0.0343859649122807,44.0,0.03276955602536998,391.0,0.011213850088530396
217,1.0,0.0,0.0,0.0,0.0,0.0,0.0,0.0,0.0,1.0,0.0,,,,,,,0.0,1.0,0.0,1.0,0.0,1.0,
524,1.0,0.0,0.0,0.0,0.0,0.0,0.0,0.0,0.0,1.0,0.0,,,,,,,0.0,1.0,0.0,1.0,0.0,1.0,
492,1.0,0.0,0.0,0.0,0.0,0.0,0.0,0.0,0.0,1.0,0.0,,,,,,,0.0,1.0,0.0,1.0,0.0,1.0,
57,1.0,0.0,0.0,0.0,0.0,0.0,0.0,0.0,0.0,1.0,0.0,,,,,,,0.0,1.0,0.0,1.0,0.0,1.0,
476,1.0,0.0,0.0,0.0,0.0,0.0,0.0,0.0,0.0,1.0,0.0,,,,,,,0.0,1.0,0.0,1.0,0.0,1.0,
2,19060.0,483.0,263.0,0.02534102833158447,0.013798530954879328,1973.0,5.0,10.0,-0.1459648775048108,0.0031464322100897613,2.9253656822910172,3.539139213206504,19.520912547528518,18.637795829651886,8462.007604562737,42795.8866993099,456.7528517110266,426.276374295764,379.0,0.009981711828677528,291.0,0.00521388790141012,1825.0,0.0030779860610430183
428,1.0,0.0,0.0,0.0,0.0,0.0,0.0,0.0,0.0,1.0,0.0,,,,,,,0.0,1.0,0.0,1.0,0.0,1.0,
545,1.0,0.0,0.0,0.0,0.0,0.0,0.0,0.0,0.0,1.0,0.0,,,,,,,0.0,1.0,0.0,1.0,0.0,1.0,
70,1.0,0.0,0.0,0.0,0.0,0.0,0.0,0.0,0.0,1.0,0.0,,,,,,,0.0,1.0,0.0,1.0,0.0,1.0,
4,1.0,0.0,0.0,0.0,0.0,0.0,0.0,0.0,0.0,1.0,0.0,,,,,,,0.0,1.0,0.0,1.0,0.0,1.0,
212,1.0,0.0,0.0,0.0,0.0,0.0,0.0,0.0,0.0,1.0,0.0,,,,,,,0.0,1.0,0.0,1.0,0.0,1.0,
3,3397.0,223.0,89.0,0.0656461583750368,0.026199587871651456,542.0,4.0,7.0,-0.17517149216174677,0.009160294930121205,3.0384199596147523,3.709813036030856,11.741573033707866,12.897633342600948,13817.898876404495,68902.75379928297,2262.191011235955,11884.3902878556,154.0,0.017740429505135387,106.0,0.008265947888589397,456.0,0.010121457489878543
216,1.0,0.0,0.0,0.0,0.0,0.0,0.0,0.0,0.0,1.0,0.0,,,,,,,0.0,1.0,0.0,1.0,0.0,1.0,
49,1055.0,36.0,24.0,0.034123222748815164,0.022748815165876776,391.0,4.0,8.0,-0.278737403830011,0.011895862023739262,2.282062339531539,3.3594126248229137,24.958333333333332,33.10271787263933,13522.916666666666,33556.063545352314,597.0,475.68345567194154,62.0,0.044420941300899,38.0,0.041251778093883355,336.0,0.013681592039800995
380,4970.0,420.0,193.0,0.08450704225352113,0.03883299798792757,2011.0,5.0,8.0,-0.20522662083420548,0.003175569195296516,2.7039261363400238,3.28891645942978,27.150259067357513,27.83860242373847,15519.108808290155,53684.66451025688,706.098445595855,522.0008592370475,275.0,0.015713337757133378,215.0,0.007128885024994566,1903.0,0.003110369205079367
417,1.0,0.0,0.0,0.0,0.0,0.0,0.0,0.0,0.0,1.0,0.0,,,,,,,0.0,1.0,0.0,1.0,0.0,1.0,
511,1.0,0.0,0.0,0.0,0.0,0.0,0.0,0.0,0.0,1.0,0.0,,,,,,,0.0,1.0,0.0,1.0,0.0,1.0,
438,1.0,0.0,0.0,0.0,0.0,0.0,0.0,0.0,0.0,1.0,0.0,,,,,,,0.0,1.0,0.0,1.0,0.0,1.0,
458,1.0,0.0,0.0,0.0,0.0,0.0,0.0,0.0,0.0,1.0,0.0,,,,,,,0.0,1.0,0.0,1.0,0.0,1.0,
108,1.0,0.0,0.0,0.0,0.0,0.0,0.0,0.0,0.0,1.0,0.0,,,,,,,0.0,1.0,0.0,1.0,0.0,1.0,
392,12433.0,819.0,589.0,0.06587307970723076,0.04737392423389367,3657.0,4.0,7.0,-0.21277939833086934,0.0023970096616362973,2.5092773472970586,3.0924090282605774,25.808149405772497,16.340151308743092,11952.668930390493,39855.941977674345,577.1120543293719,486.45518066094724,729.0,0.008162619273730385,627.0,0.0037401083306581877,3475.0,0.0021646516983304547
451,1.0,0.0,0.0,0.0,0.0,0.0,0.0,0.0,0.0,1.0,0.0,,,,,,,0.0,1.0,0.0,1.0,0.0,1.0,
304,1139.0,92.0,38.0,0.08077260755048288,0.033362598770851626,295.0,4.0,8.0,-0.20944780159968285,0.016142050040355124,3.024136226552209,4.301792773982148,12.789473684210526,11.036203329656356,2072.9210526315787,3708.1289322214566,355.2631578947368,266.23196101090474,77.0,0.028024606971975393,43.0,0.013289036544850499,249.0,0.018881979531027337
355,1905.0,263.0,71.0,0.13805774278215224,0.03727034120734908,713.0,4.0,8.0,-0.19858149032581066,0.010337708999795137,3.3039431408263065,3.8712209507428614,33.76056338028169,23.524913248396356,10955.521126760563,26401.96325385679,656.7042253521126,478.8695430677556,106.0,0.0646900269541779,82.0,0.026196928635953028,664.0,0.009808464627741736
224,1.0,0.0,0.0,0.0,0.0,0.0,0.0,0.0,0.0,1.0,0.0,,,,,,,0.0,1.0,0.0,1.0,0.0,1.0,
52,1996.0,102.0,42.0,0.05110220440881764,0.021042084168336674,436.0,4.0,8.0,-0.27366499196644917,0.011536433618053359,3.409170496562892,4.297409256938498,18.88095238095238,23.944581235042342,16870.119047619046,90282.91886229283,413.2857142857143,381.0657539631939,81.0,0.03487654320987654,55.0,0.020875420875420877,381.0,0.012750379886724686
157,1.0,0.0,0.0,0.0,0.0,0.0,0.0,0.0,0.0,1.0,0.0,,,,,,,0.0,1.0,0.0,1.0,0.0,1.0,
518,1.0,0.0,0.0,0.0,0.0,0.0,0.0,0.0,0.0,1.0,0.0,,,,,,,0.0,1.0,0.0,1.0,0.0,1.0,
132,1.0,0.0,0.0,0.0,0.0,0.0,0.0,0.0,0.0,1.0,0.0,,,,,,,0.0,1.0,0.0,1.0,0.0,1.0,
464,1.0,0.0,0.0,0.0,0.0,0.0,0.0,0.0,0.0,1.0,0.0,,,,,,,0.0,1.0,0.0,1.0,0.0,1.0,
180,1.0,0.0,0.0,0.0,0.0,0.0,0.0,0.0,0.0,1.0,0.0,,,,,,,0.0,1.0,0.0,1.0,0.0,1.0,
193,1.0,0.0,0.0,0.0,0.0,0.0,0.0,0.0,0.0,1.0,0.0,,,,,,,0.0,1.0,0.0,1.0,0.0,1.0,
243,2913.0,322.0,115.0,0.11053896326810848,0.0394782011671816,1013.0,4.0,8.0,-0.12871270666568416,0.006972597341282693,2.419247943044545,3.15628030387455,26.617391304347827,18.873299570371046,8766.321739130435,33333.39313571246,499.295652173913,450.7288006331822,175.0,0.027257799671592774,130.0,0.01347644603458557,935.0,0.006925534473084543
31,1.0,0.0,0.0,0.0,0.0,0.0,0.0,0.0,0.0,1.0,0.0,,,,,,,0.0,1.0,0.0,1.0,0.0,1.0,
480,1.0,0.0,0.0,0.0,0.0,0.0,0.0,0.0,0.0,1.0,0.0,,,,,,,0.0,1.0,0.0,1.0,0.0,1.0,
522,1.0,0.0,0.0,0.0,0.0,0.0,0.0,0.0,0.0,1.0,0.0,,,,,,,0.0,1.0,0.0,1.0,0.0,1.0,
424,1.0,0.0,0.0,0.0,0.0,0.0,0.0,0.0,0.0,1.0,0.0,,,,,,,0.0,1.0,0.0,1.0,0.0,1.0,
48,891.0,57.0,36.0,0.06397306397306397,0.04040404040404041,531.0,4.0,8.0,-0.29887892748536726,0.009643605870020965,4.015436313876073,4.648499106799938,27.38888888888889,27.39046648600545,30112.916666666668,107330.863527323,504.8333333333333,508.33926226050613,73.0,0.05060882800608828,47.0,0.032377428307123035,479.0,0.010193831290781876
13,1.0,0.0,0.0,0.0,0.0,0.0,0.0,0.0,0.0,1.0,0.0,,,,,,,0.0,1.0,0.0,1.0,0.0,1.0,
95,1.0,0.0,0.0,0.0,0.0,0.0,0.0,0.0,0.0,1.0,0.0,,,,,,,0.0,1.0,0.0,1.0,0.0,1.0,
89,1.0,0.0,0.0,0.0,0.0,0.0,0.0,0.0,0.0,1.0,0.0,,,,,,,0.0,1.0,0.0,1.0,0.0,1.0,
38,1.0,0.0,0.0,0.0,0.0,0.0,0.0,0.0,0.0,1.0,0.0,,,,,,,0.0,1.0,0.0,1.0,0.0,1.0,
514,1.0,0.0,0.0,0.0,0.0,0.0,0.0,0.0,0.0,1.0,0.0,,,,,,,0.0,1.0,0.0,1.0,0.0,1.0,
390,1.0,0.0,0.0,0.0,0.0,0.0,0.0,0.0,0.0,1.0,0.0,,,,,,,0.0,1.0,0.0,1.0,0.0,1.0,
405,1.0,0.0,0.0,0.0,0.0,0.0,0.0,0.0,0.0,1.0,0.0,,,,,,,0.0,1.0,0.0,1.0,0.0,1.0,
454,1.0,0.0,0.0,0.0,0.0,0.0,0.0,0.0,0.0,1.0,0.0,,,,,,,0.0,1.0,0.0,1.0,0.0,1.0,
205,1.0,0.0,0.0,0.0,0.0,0.0,0.0,0.0,0.0,1.0,0.0,,,,,,,0.0,1.0,0.0,1.0,0.0,1.0,
235,14252.0,410.0,211.0,0.02876789222565254,0.014804939657591916,1990.0,5.0,8.0,-0.11797394637815319,0.0032576153770360098,2.717846135921139,3.193480565602438,25.601895734597157,23.648147452237737,11704.218009478673,50727.541490851174,436.7203791469194,404.02144670192564,311.0,0.014106420495799191,234.0,0.005722460658082976,1863.0,0.003211963656553392
168,1.0,0.0,0.0,0.0,0.0,0.0,0.0,0.0,0.0,1.0,0.0,,,,,,,0.0,1.0,0.0,1.0,0.0,1.0,
335,1.0,0.0,0.0,0.0,0.0,0.0,0.0,0.0,0.0,1.0,0.0,,,,,,,0.0,1.0,0.0,1.0,0.0,1.0,
280,1.0,0.0,0.0,0.0,0.0,0.0,0.0,0.0,0.0,1.0,0.0,,,,,,,0.0,1.0,0.0,1.0,0.0,1.0,
111,2915.0,147.0,73.0,0.05042881646655232,0.025042881646655232,957.0,5.0,9.0,-0.25250181768248425,0.005755870638282989,2.677279178553565,3.416354100888621,26.794520547945204,26.8506569415868,8652.849315068494,25620.352160739472,591.3698630136986,415.2264114798,124.0,0.02753737214791503,88.0,0.014629049111807733,887.0,0.005952547583479454
11,2540.0,277.0,141.0,0.10905511811023622,0.05551181102362205,1543.0,4.0,7.0,-0.29178486020424743,0.0037187314284081157,3.408453226921993,4.060311576191338,24.75177304964539,27.900826401337497,13943.021276595744,58581.743686286674,1131.531914893617,6723.039708022564,214.0,0.017682418498530122,160.0,0.007547169811320755,1447.0,0.0037106389812087965
439,1.0,0.0,0.0,0.0,0.0,0.0,0.0,0.0,0.0,1.0,0.0,,,,,,,0.0,1.0,0.0,1.0,0.0,1.0,
497,1.0,0.0,0.0,0.0,0.0,0.0,0.0,0.0,0.0,1.0,0.0,,,,,,,0.0,1.0,0.0,1.0,0.0,1.0,
103,1.0,0.0,0.0,0.0,0.0,0.0,0.0,0.0,0.0,1.0,0.0,,,,,,,0.0,1.0,0.0,1.0,0.0,1.0,
453,1.0,0.0,0.0,0.0,0.0,0.0,0.0,0.0,0.0,1.0,0.0,,,,,,,0.0,1.0,0.0,1.0,0.0,1.0,
396,1.0,0.0,0.0,0.0,0.0,0.0,0.0,0.0,0.0,1.0,0.0,,,,,,,0.0,1.0,0.0,1.0,0.0,1.0,
137,1.0,0.0,0.0,0.0,0.0,0.0,0.0,0.0,0.0,1.0,0.0,,,,,,,0.0,1.0,0.0,1.0,0.0,1.0,
86,1.0,0.0,0.0,0.0,0.0,0.0,0.0,0.0,0.0,1.0,0.0,,,,,,,0.0,1.0,0.0,1.0,0.0,1.0,
181,1.0,0.0,0.0,0.0,0.0,0.0,0.0,0.0,0.0,1.0,0.0,,,,,,,0.0,1.0,0.0,1.0,0.0,1.0,
140,1.0,0.0,0.0,0.0,0.0,0.0,0.0,0.0,0.0,1.0,0.0,,,,,,,0.0,1.0,0.0,1.0,0.0,1.0,
110,1.0,0.0,0.0,0.0,0.0,0.0,0.0,0.0,0.0,1.0,0.0,,,,,,,0.0,1.0,0.0,1.0,0.0,1.0,
307,1.0,0.0,0.0,0.0,0.0,0.0,0.0,0.0,0.0,1.0,0.0,,,,,,,0.0,1.0,0.0,1.0,0.0,1.0,
292,1.0,0.0,0.0,0.0,0.0,0.0,0.0,0.0,0.0,1.0,0.0,,,,,,,0.0,1.0,0.0,1.0,0.0,1.0,
477,1.0,0.0,0.0,0.0,0.0,0.0,0.0,0.0,0.0,1.0,0.0,,,,,,,0.0,1.0,0.0,1.0,0.0,1.0,
156,1.0,0.0,0.0,0.0,0.0,0.0,0.0,0.0,0.0,1.0,0.0,,,,,,,0.0,1.0,0.0,1.0,0.0,1.0,
444,1.0,0.0,0.0,0.0,0.0,0.0,0.0,0.0,0.0,1.0,0.0,,,,,,,0.0,1.0,0.0,1.0,0.0,1.0,
491,1.0,0.0,0.0,0.0,0.0,0.0,0.0,0.0,0.0,1.0,0.0,,,,,,,0.0,1.0,0.0,1.0,0.0,1.0,
88,1.0,0.0,0.0,0.0,0.0,0.0,0.0,0.0,0.0,1.0,0.0,,,,,,,0.0,1.0,0.0,1.0,0.0,1.0,
475,1.0,0.0,0.0,0.0,0.0,0.0,0.0,0.0,0.0,1.0,0.0,,,,,,,0.0,1.0,0.0,1.0,0.0,1.0,
40,1.0,0.0,0.0,0.0,0.0,0.0,0.0,0.0,0.0,1.0,0.0,,,,,,,0.0,1.0,0.0,1.0,0.0,1.0,
15,1.0,0.0,0.0,0.0,0.0,0.0,0.0,0.0,0.0,1.0,0.0,,,,,,,0.0,1.0,0.0,1.0,0.0,1.0,
93,1.0,0.0,0.0,0.0,0.0,0.0,0.0,0.0,0.0,1.0,0.0,,,,,,,0.0,1.0,0.0,1.0,0.0,1.0,
81,1036.0,99.0,49.0,0.09555984555984556,0.0472972972972973,468.0,4.0,8.0,-0.27479097275296416,0.010102673914237083,4.646532442225165,5.470306884315819,16.591836734693878,22.930167605630885,12276.367346938776,36167.166401841954,537.3469387755102,419.19590427877307,99.0,0.03195217480931767,64.0,0.022817460317460316,399.0,0.01098222944295412
467,1.0,0.0,0.0,0.0,0.0,0.0,0.0,0.0,0.0,1.0,0.0,,,,,,,0.0,1.0,0.0,1.0,0.0,1.0,
154,1.0,0.0,0.0,0.0,0.0,0.0,0.0,0.0,0.0,1.0,0.0,,,,,,,0.0,1.0,0.0,1.0,0.0,1.0,
210,1.0,0.0,0.0,0.0,0.0,0.0,0.0,0.0,0.0,1.0,0.0,,,,,,,0.0,1.0,0.0,1.0,0.0,1.0,
169,1.0,0.0,0.0,0.0,0.0,0.0,0.0,0.0,0.0,1.0,0.0,,,,,,,0.0,1.0,0.0,1.0,0.0,1.0,
553,1.0,0.0,0.0,0.0,0.0,0.0,0.0,0.0,0.0,1.0,0.0,,,,,,,0.0,1.0,0.0,1.0,0.0,1.0,
250,1.0,0.0,0.0,0.0,0.0,0.0,0.0,0.0,0.0,1.0,0.0,,,,,,,0.0,1.0,0.0,1.0,0.0,1.0,
10,1.0,0.0,0.0,0.0,0.0,0.0,0.0,0.0,0.0,1.0,0.0,,,,,,,0.0,1.0,0.0,1.0,0.0,1.0,
539,1.0,0.0,0.0,0.0,0.0,0.0,0.0,0.0,0.0,1.0,0.0,,,,,,,0.0,1.0,0.0,1.0,0.0,1.0,
46,9663.0,838.0,298.0,0.08672254993273311,0.03083928386629411,2269.0,5.0,10.0,-0.21028354616075307,0.002769480219164368,2.8938377099428694,3.5786581730618434,20.003355704697988,22.473921997446276,14429.221476510067,48929.105237821044,1113.3691275167785,6566.759830831748,407.0,0.009464906016630154,322.0,0.004179485691066349,2132.0,0.002669430008020616
290,1.0,0.0,0.0,0.0,0.0,0.0,0.0,0.0,0.0,1.0,0.0,,,,,,,0.0,1.0,0.0,1.0,0.0,1.0,
19,1057.0,81.0,47.0,0.07663197729422895,0.04446546830652791,484.0,4.0,7.0,-0.20473773195488756,0.010813955477987098,3.056000959651983,3.89322852819153,20.127659574468087,19.415520246372537,24343.31914893617,91883.39842965786,623.4255319148937,557.0644847763903,98.0,0.03345255628024406,65.0,0.027403846153846154,412.0,0.012059150072047812
549,1.0,0.0,0.0,0.0,0.0,0.0,0.0,0.0,0.0,1.0,0.0,,,,,,,0.0,1.0,0.0,1.0,0.0,1.0,
302,1.0,0.0,0.0,0.0,0.0,0.0,0.0,0.0,0.0,1.0,0.0,,,,,,,0.0,1.0,0.0,1.0,0.0,1.0,
509,989.0,43.0,23.0,0.043478260869565216,0.023255813953488372,268.0,4.0,8.0,-0.2501138635649158,0.017440885460338756,5.293219516947703,5.9783244246242,18.130434782608695,22.156173637290053,2170.521739130435,2946.077891906387,354.3478260869565,276.2926313665423,54.0,0.04472396925227114,29.0,0.027093596059113302,229.0,0.02022523557802804
91,1.0,0.0,0.0,0.0,0.0,0.0,0.0,0.0,0.0,1.0,0.0,,,,,,,0.0,1.0,0.0,1.0,0.0,1.0,
190,998.0,69.0,36.0,0.06913827655310621,0.036072144288577156,427.0,4.0,7.0,-0.34025325594434885,0.011918505568932721,3.8381441670629544,4.505981701755759,21.52777777777778,15.384852057771182,5309.055555555556,12497.780825109277,517.8888888888889,410.28944916822496,78.0,0.037296037296037296,46.0,0.02705314009661836,373.0,0.01333275678168872
236,1.0,0.0,0.0,0.0,0.0,0.0,0.0,0.0,0.0,1.0,0.0,,,,,,,0.0,1.0,0.0,1.0,0.0,1.0,
114,1868.0,204.0,99.0,0.10920770877944326,0.05299785867237687,1148.0,5.0,9.0,-0.31638073120502197,0.004779928855459933,3.9030201094697525,4.964225233277184,24.13131313131313,26.308828822911558,21437.050505050505,71077.02597493718,655.1212121212121,541.5544083716923,178.0,0.020313591062019933,127.0,0.013123359580052493,1037.0,0.004996593231887349
208,1.0,0.0,0.0,0.0,0.0,0.0,0.0,0.0,0.0,1.0,0.0,,,,,,,0.0,1.0,0.0,1.0,0.0,1.0,
128,1.0,0.0,0.0,0.0,0.0,0.0,0.0,0.0,0.0,1.0,0.0,,,,,,,0.0,1.0,0.0,1.0,0.0,1.0,
512,1.0,0.0,0.0,0.0,0.0,0.0,0.0,0.0,0.0,1.0,0.0,,,,,,,0.0,1.0,0.0,1.0,0.0,1.0,
322,1.0,0.0,0.0,0.0,0.0,0.0,0.0,0.0,0.0,1.0,0.0,,,,,,,0.0,1.0,0.0,1.0,0.0,1.0,
211,1.0,0.0,0.0,0.0,0.0,0.0,0.0,0.0,0.0,1.0,0.0,,,,,,,0.0,1.0,0.0,1.0,0.0,1.0,
513,1.0,0.0,0.0,0.0,0.0,0.0,0.0,0.0,0.0,1.0,0.0,,,,,,,0.0,1.0,0.0,1.0,0.0,1.0,
141,1208.0,115.0,32.0,0.09519867549668874,0.026490066225165563,253.0,4.0,8.0,-0.2514873004696327,0.01756697408871322,3.431241284248004,3.9230912350071367,12.0625,11.31629770508005,6200.28125,25160.344100680508,436.1875,284.9310703376345,73.0,0.0319634703196347,44.0,0.02536997885835095,197.0,0.022065679063503575
433,917.0,22.0,18.0,0.023991275899672846,0.019629225736095966,172.0,4.0,6.0,-0.26620670546193054,0.02692778457772338,3.097513295262281,3.8721770404236886,15.5,13.187746838132231,2903.4444444444443,2750.526580336173,492.3888888888889,418.70914578670494,42.0,0.06039488966318235,28.0,0.05555555555555555,135.0,0.03338861249309011
182,1.0,0.0,0.0,0.0,0.0,0.0,0.0,0.0,0.0,1.0,0.0,,,,,,,0.0,1.0,0.0,1.0,0.0,1.0,
507,1.0,0.0,0.0,0.0,0.0,0.0,0.0,0.0,0.0,1.0,0.0,,,,,,,0.0,1.0,0.0,1.0,0.0,1.0,
544,1.0,0.0,0.0,0.0,0.0,0.0,0.0,0.0,0.0,1.0,0.0,,,,,,,0.0,1.0,0.0,1.0,0.0,1.0,
27,1.0,0.0,0.0,0.0,0.0,0.0,0.0,0.0,0.0,1.0,0.0,,,,,,,0.0,1.0,0.0,1.0,0.0,1.0,
298,1.0,0.0,0.0,0.0,0.0,0.0,0.0,0.0,0.0,1.0,0.0,,,,,,,0.0,1.0,0.0,1.0,0.0,1.0,
209,1385.0,60.0,37.0,0.04332129963898917,0.026714801444043323,325.0,4.0,7.0,-0.3031075276676135,0.014814814814814815,3.99420404610083,4.900030740759241,14.45945945945946,14.50180714664992,22411.027027027027,98335.03454351834,406.72972972972974,390.4538349462729,71.0,0.035412474849094565,47.0,0.022201665124884366,278.0,0.01672596940498143
387,1.0,0.0,0.0,0.0,0.0,0.0,0.0,0.0,0.0,1.0,0.0,,,,,,,0.0,1.0,0.0,1.0,0.0,1.0,
411,1.0,0.0,0.0,0.0,0.0,0.0,0.0,0.0,0.0,1.0,0.0,,,,,,,0.0,1.0,0.0,1.0,0.0,1.0,
389,1.0,0.0,0.0,0.0,0.0,0.0,0.0,0.0,0.0,1.0,0.0,,,,,,,0.0,1.0,0.0,1.0,0.0,1.0,
196,1.0,0.0,0.0,0.0,0.0,0.0,0.0,0.0,0.0,1.0,0.0,,,,,,,0.0,1.0,0.0,1.0,0.0,1.0,
16,1.0,0.0,0.0,0.0,0.0,0.0,0.0,0.0,0.0,1.0,0.0,,,,,,,0.0,1.0,0.0,1.0,0.0,1.0,
34,1.0,0.0,0.0,0.0,0.0,0.0,0.0,0.0,0.0,1.0,0.0,,,,,,,0.0,1.0,0.0,1.0,0.0,1.0,
468,1.0,0.0,0.0,0.0,0.0,0.0,0.0,0.0,0.0,1.0,0.0,,,,,,,0.0,1.0,0.0,1.0,0.0,1.0,
61,1.0,0.0,0.0,0.0,0.0,0.0,0.0,0.0,0.0,1.0,0.0,,,,,,,0.0,1.0,0.0,1.0,0.0,1.0,
82,2308.0,96.0,13.0,0.0415944540727903,0.005632582322357019,145.0,4.0,6.0,-0.30533696354715134,0.031609195402298854,4.31001537074452,5.498749111207104,16.615384615384617,8.931693452475521,1957.7692307692307,3079.1190336959435,273.15384615384613,181.95724187243135,39.0,0.059379217273954114,22.0,0.06493506493506493,107.0,0.044789278786810084
118,1.0,0.0,0.0,0.0,0.0,0.0,0.0,0.0,0.0,1.0,0.0,,,,,,,0.0,1.0,0.0,1.0,0.0,1.0,
368,1.0,0.0,0.0,0.0,0.0,0.0,0.0,0.0,0.0,1.0,0.0,,,,,,,0.0,1.0,0.0,1.0,0.0,1.0,
305,1.0,0.0,0.0,0.0,0.0,0.0,0.0,0.0,0.0,1.0,0.0,,,,,,,0.0,1.0,0.0,1.0,0.0,1.0,
375,1737.0,107.0,59.0,0.061600460564191134,0.033966609096142776,596.0,5.0,8.0,-0.20323522431784835,0.008747391574079296,2.9678599489233126,3.542657195219025,20.10169491525424,19.80899890971849,15755.949152542373,76855.47894023565,504.89830508474574,424.54405033529014,109.0,0.031770302412504246,73.0,0.020167427701674276,529.0,0.009194019590995016
234,2777.0,191.0,57.0,0.06877925819229384,0.02052574720921858,703.0,5.0,9.0,-0.29257226986784135,0.007623007623007623,1.077780950043877,1.675831474914855,24.92982456140351,25.903233997865378,18876.57894736842,80116.10169632379,659.8421052631579,529.5408070180449,106.0,0.03306379155435759,72.0,0.02190923317683881,636.0,0.007992868815926311
232,1.0,0.0,0.0,0.0,0.0,0.0,0.0,0.0,0.0,1.0,0.0,,,,,,,0.0,1.0,0.0,1.0,0.0,1.0,
361,1.0,0.0,0.0,0.0,0.0,0.0,0.0,0.0,0.0,1.0,0.0,,,,,,,0.0,1.0,0.0,1.0,0.0,1.0,
450,1.0,0.0,0.0,0.0,0.0,0.0,0.0,0.0,0.0,1.0,0.0,,,,,,,0.0,1.0,0.0,1.0,0.0,1.0,
125,1.0,0.0,0.0,0.0,0.0,0.0,0.0,0.0,0.0,1.0,0.0,,,,,,,0.0,1.0,0.0,1.0,0.0,1.0,
109,1.0,0.0,0.0,0.0,0.0,0.0,0.0,0.0,0.0,1.0,0.0,,,,,,,0.0,1.0,0.0,1.0,0.0,1.0,
418,1.0,0.0,0.0,0.0,0.0,0.0,0.0,0.0,0.0,1.0,0.0,,,,,,,0.0,1.0,0.0,1.0,0.0,1.0,
345,1.0,0.0,0.0,0.0,0.0,0.0,0.0,0.0,0.0,1.0,0.0,,,,,,,0.0,1.0,0.0,1.0,0.0,1.0,
360,1777.0,78.0,57.0,0.04389420371412493,0.032076533483398985,730.0,5.0,9.0,-0.23454855767931357,0.007726854200725332,3.019295275936993,3.564549307859651,27.894736842105264,23.304004783852832,4324.7192982456145,21833.56408911489,448.5438596491228,331.69009368953084,115.0,0.033104500381388256,74.0,0.02073306182895224,652.0,0.008293046092373225
187,2095.0,106.0,60.0,0.050596658711217185,0.028639618138424822,478.0,4.0,7.0,-0.16855740884151776,0.011008482232923694,4.008716904579495,4.597443224692425,15.916666666666666,14.630210372908367,16037.283333333333,78443.14949993865,466.45,432.34875679247654,114.0,0.024375097034621953,80.0,0.016139240506329113,401.0,0.012668329177057357
131,1.0,0.0,0.0,0.0,0.0,0.0,0.0,0.0,0.0,1.0,0.0,,,,,,,0.0,1.0,0.0,1.0,0.0,1.0,
242,1.0,0.0,0.0,0.0,0.0,0.0,0.0,0.0,0.0,1.0,0.0,,,,,,,0.0,1.0,0.0,1.0,0.0,1.0,
172,1.0,0.0,0.0,0.0,0.0,0.0,0.0,0.0,0.0,1.0,0.0,,,,,,,0.0,1.0,0.0,1.0,0.0,1.0,
442,2461.0,264.0,111.0,0.10727346607070297,0.04510361641609102,1129.0,4.0,8.0,-0.1863346041073696,0.005590838562966034,3.3261762329857554,4.07869320522086,26.45945945945946,27.31721688691135,13359.54054054054,60346.00427023724,602.4864864864865,468.45028897505057,177.0,0.025231124807395994,125.0,0.011612903225806452,1045.0,0.005583970375258942
482,1.0,0.0,0.0,0.0,0.0,0.0,0.0,0.0,0.0,1.0,0.0,,,,,,,0.0,1.0,0.0,1.0,0.0,1.0,
270,1.0,0.0,0.0,0.0,0.0,0.0,0.0,0.0,0.0,1.0,0.0,,,,,,,0.0,1.0,0.0,1.0,0.0,1.0,
299,1.0,0.0,0.0,0.0,0.0,0.0,0.0,0.0,0.0,1.0,0.0,,,,,,,0.0,1.0,0.0,1.0,0.0,1.0,
466,1.0,0.0,0.0,0.0,0.0,0.0,0.0,0.0,0.0,1.0,0.0,,,,,,,0.0,1.0,0.0,1.0,0.0,1.0,
366,1.0,0.0,0.0,0.0,0.0,0.0,0.0,0.0,0.0,1.0,0.0,,,,,,,0.0,1.0,0.0,1.0,0.0,1.0,
503,1.0,0.0,0.0,0.0,0.0,0.0,0.0,0.0,0.0,1.0,0.0,,,,,,,0.0,1.0,0.0,1.0,0.0,1.0,
517,1.0,0.0,0.0,0.0,0.0,0.0,0.0,0.0,0.0,1.0,0.0,,,,,,,0.0,1.0,0.0,1.0,0.0,1.0,
408,1.0,0.0,0.0,0.0,0.0,0.0,0.0,0.0,0.0,1.0,0.0,,,,,,,0.0,1.0,0.0,1.0,0.0,1.0,
151,1391.0,54.0,17.0,0.038820992092020126,0.012221423436376708,142.0,4.0,8.0,-0.22220366989619122,0.028868244930576367,4.691598204109673,5.212367386824975,10.941176470588236,8.369908202710429,8027.176470588235,28581.77580255785,398.11764705882354,424.72176115012485,48.0,0.04609929078014184,22.0,0.03896103896103896,104.0,0.03976848394324122
430,1.0,0.0,0.0,0.0,0.0,0.0,0.0,0.0,0.0,1.0,0.0,,,,,,,0.0,1.0,0.0,1.0,0.0,1.0,
204,1.0,0.0,0.0,0.0,0.0,0.0,0.0,0.0,0.0,1.0,0.0,,,,,,,0.0,1.0,0.0,1.0,0.0,1.0,
317,5489.0,270.0,136.0,0.049189287666241574,0.024776826380032792,1100.0,4.0,7.0,-0.09674469432020431,0.005428075109603772,3.0105359594997045,3.602598603084227,20.051470588235293,17.15213923072896,11142.808823529413,28502.892336855795,501.7279411764706,454.07145827423534,228.0,0.01719607388515341,162.0,0.00966183574879227,978.0,0.005588661923629993
474,1.0,0.0,0.0,0.0,0.0,0.0,0.0,0.0,0.0,1.0,0.0,,,,,,,0.0,1.0,0.0,1.0,0.0,1.0,
69,1.0,0.0,0.0,0.0,0.0,0.0,0.0,0.0,0.0,1.0,0.0,,,,,,,0.0,1.0,0.0,1.0,0.0,1.0,
256,1.0,0.0,0.0,0.0,0.0,0.0,0.0,0.0,0.0,1.0,0.0,,,,,,,0.0,1.0,0.0,1.0,0.0,1.0,
527,1.0,0.0,0.0,0.0,0.0,0.0,0.0,0.0,0.0,1.0,0.0,,,,,,,0.0,1.0,0.0,1.0,0.0,1.0,
398,1.0,0.0,0.0,0.0,0.0,0.0,0.0,0.0,0.0,1.0,0.0,,,,,,,0.0,1.0,0.0,1.0,0.0,1.0,
43,1.0,0.0,0.0,0.0,0.0,0.0,0.0,0.0,0.0,1.0,0.0,,,,,,,0.0,1.0,0.0,1.0,0.0,1.0,
184,1.0,0.0,0.0,0.0,0.0,0.0,0.0,0.0,0.0,1.0,0.0,,,,,,,0.0,1.0,0.0,1.0,0.0,1.0,
279,1.0,0.0,0.0,0.0,0.0,0.0,0.0,0.0,0.0,1.0,0.0,,,,,,,0.0,1.0,0.0,1.0,0.0,1.0,
348,1.0,0.0,0.0,0.0,0.0,0.0,0.0,0.0,0.0,1.0,0.0,,,,,,,0.0,1.0,0.0,1.0,0.0,1.0,
97,1.0,0.0,0.0,0.0,0.0,0.0,0.0,0.0,0.0,1.0,0.0,,,,,,,0.0,1.0,0.0,1.0,0.0,1.0,
327,1.0,0.0,0.0,0.0,0.0,0.0,0.0,0.0,0.0,1.0,0.0,,,,,,,0.0,1.0,0.0,1.0,0.0,1.0,
171,2304.0,126.0,72.0,0.0546875,0.03125,724.0,5.0,8.0,-0.17945539553336629,0.007381765663327296,2.7509213869202798,3.597452064605473,20.38888888888889,21.26979832973633,17814.444444444445,77109.60776044146,477.6666666666667,431.8548817472009,135.0,0.022775013819789938,84.0,0.013195639701663799,646.0,0.007919936640506876
0,4727.0,491.0,136.0,0.10387137719483816,0.028770890628305477,1166.0,4.0,7.0,-0.19114849762316233,0.005675836836254684,4.232254826183405,4.864721517143425,24.38235294117647,19.7066944520986,16273.963235294117,60759.440956845174,1203.235294117647,6834.65060344033,209.0,0.02130106735369893,161.0,0.011180124223602485,1064.0,0.005686841751603845
378,1.0,0.0,0.0,0.0,0.0,0.0,0.0,0.0,0.0,1.0,0.0,,,,,,,0.0,1.0,0.0,1.0,0.0,1.0,
543,1.0,0.0,0.0,0.0,0.0,0.0,0.0,0.0,0.0,1.0,0.0,,,,,,,0.0,1.0,0.0,1.0,0.0,1.0,
164,1057.0,53.0,37.0,0.050141911069063384,0.03500473036896878,465.0,4.0,8.0,-0.2306049527649949,0.011058583611420097,4.606054023686985,5.286907758647126,23.43243243243243,23.08566952302912,29368.432432432433,98296.30834989891,762.5945945945946,520.6194574065025,84.0,0.04216867469879518,53.0,0.038461538461538464,398.0,0.01225269926458489
402,1.0,0.0,0.0,0.0,0.0,0.0,0.0,0.0,0.0,1.0,0.0,,,,,,,0.0,1.0,0.0,1.0,0.0,1.0,
319,1.0,0.0,0.0,0.0,0.0,0.0,0.0,0.0,0.0,1.0,0.0,,,,,,,0.0,1.0,0.0,1.0,0.0,1.0,
41,1.0,0.0,0.0,0.0,0.0,0.0,0.0,0.0,0.0,1.0,0.0,,,,,,,0.0,1.0,0.0,1.0,0.0,1.0,
359,5489.0,303.0,173.0,0.055201311714337765,0.03151758061577701,1343.0,5.0,9.0,-0.19115459096916793,0.004377724981218505,3.4839830224369535,4.2151747690651264,18.410404624277458,19.366239212184755,14800.947976878613,52377.96630707898,1569.549132947977,8594.13240511914,257.0,0.015047422178988327,192.0,0.0067081151832460734,1236.0,0.004300145434534806
75,2382.0,127.0,50.0,0.053316540722082285,0.020990764063811923,483.0,4.0,8.0,-0.24857416679969793,0.010910371725814627,4.334770005212488,5.186214938851353,19.1,21.133149315707776,10437.2,24716.081636861454,505.4,463.29977336493494,97.0,0.03200171821305842,59.0,0.020455873758036237,425.0,0.011753607103218646
353,1.0,0.0,0.0,0.0,0.0,0.0,0.0,0.0,0.0,1.0,0.0,,,,,,,0.0,1.0,0.0,1.0,0.0,1.0,
437,1.0,0.0,0.0,0.0,0.0,0.0,0.0,0.0,0.0,1.0,0.0,,,,,,,0.0,1.0,0.0,1.0,0.0,1.0,
409,824.0,87.0,31.0,0.10558252427184465,0.03762135922330097,443.0,4.0,8.0,-0.28534467849003314,0.011603321655107607,3.885799961636331,4.477502606785136,26.032258064516128,29.960709616222314,30666.645161290322,107416.76943615412,3220.9032258064517,14176.811410356997,67.0,0.052917232021709636,41.0,0.036585365853658534,394.0,0.012503067643145916
63,1.0,0.0,0.0,0.0,0.0,0.0,0.0,0.0,0.0,1.0,0.0,,,,,,,0.0,1.0,0.0,1.0,0.0,1.0,
526,1.0,0.0,0.0,0.0,0.0,0.0,0.0,0.0,0.0,1.0,0.0,,,,,,,0.0,1.0,0.0,1.0,0.0,1.0,
227,1.0,0.0,0.0,0.0,0.0,0.0,0.0,0.0,0.0,1.0,0.0,,,,,,,0.0,1.0,0.0,1.0,0.0,1.0,
67,2794.0,157.0,72.0,0.05619183965640658,0.025769506084466716,671.0,4.0,8.0,-0.21278728616005255,0.007678448295037481,3.354233438795501,3.872873736761509,18.166666666666668,20.172864061517007,2490.2361111111113,7234.484373649921,350.05555555555554,300.04026993096596,137.0,0.024044654358093602,91.0,0.014163614163614164,583.0,0.00828750449446812
336,1.0,0.0,0.0,0.0,0.0,0.0,0.0,0.0,0.0,1.0,0.0,,,,,,,0.0,1.0,0.0,1.0,0.0,1.0,
223,1.0,0.0,0.0,0.0,0.0,0.0,0.0,0.0,0.0,1.0,0.0,,,,,,,0.0,1.0,0.0,1.0,0.0,1.0,
397,1.0,0.0,0.0,0.0,0.0,0.0,0.0,0.0,0.0,1.0,0.0,,,,,,,0.0,1.0,0.0,1.0,0.0,1.0,
470,1.0,0.0,0.0,0.0,0.0,0.0,0.0,0.0,0.0,1.0,0.0,,,,,,,0.0,1.0,0.0,1.0,0.0,1.0,
362,1.0,0.0,0.0,0.0,0.0,0.0,0.0,0.0,0.0,1.0,0.0,,,,,,,0.0,1.0,0.0,1.0,0.0,1.0,
264,1.0,0.0,0.0,0.0,0.0,0.0,0.0,0.0,0.0,1.0,0.0,,,,,,,0.0,1.0,0.0,1.0,0.0,1.0,
498,1.0,0.0,0.0,0.0,0.0,0.0,0.0,0.0,0.0,1.0,0.0,,,,,,,0.0,1.0,0.0,1.0,0.0,1.0,
463,1.0,0.0,0.0,0.0,0.0,0.0,0.0,0.0,0.0,1.0,0.0,,,,,,,0.0,1.0,0.0,1.0,0.0,1.0,
263,1.0,0.0,0.0,0.0,0.0,0.0,0.0,0.0,0.0,1.0,0.0,,,,,,,0.0,1.0,0.0,1.0,0.0,1.0,
329,1251.0,93.0,55.0,0.07434052757793765,0.04396482813749001,586.0,5.0,8.0,-0.24177950942153636,0.0087395350193985,2.8536688946193767,3.597482383865701,19.563636363636363,17.50092323420644,26869.50909090909,87946.49873394056,668.1272727272727,538.8068992790867,113.0,0.02702275600505689,71.0,0.022535211267605635,508.0,0.009613443290002952
284,1.0,0.0,0.0,0.0,0.0,0.0,0.0,0.0,0.0,1.0,0.0,,,,,,,0.0,1.0,0.0,1.0,0.0,1.0,
37,965.0,40.0,28.0,0.04145077720207254,0.029015544041450778,296.0,4.0,6.0,-0.2572950131371437,0.016857535501603297,2.6135775528875453,3.261196926965968,19.392857142857142,15.951576916482237,30493.0,110298.31261531482,588.4285714285714,502.3207163165942,61.0,0.05136612021857923,41.0,0.03902439024390244,247.0,0.01932128633027221
21,1.0,0.0,0.0,0.0,0.0,0.0,0.0,0.0,0.0,1.0,0.0,,,,,,,0.0,1.0,0.0,1.0,0.0,1.0,
59,1.0,0.0,0.0,0.0,0.0,0.0,0.0,0.0,0.0,1.0,0.0,,,,,,,0.0,1.0,0.0,1.0,0.0,1.0,
195,1.0,0.0,0.0,0.0,0.0,0.0,0.0,0.0,0.0,1.0,0.0,,,,,,,0.0,1.0,0.0,1.0,0.0,1.0,
508,1.0,0.0,0.0,0.0,0.0,0.0,0.0,0.0,0.0,1.0,0.0,,,,,,,0.0,1.0,0.0,1.0,0.0,1.0,
301,982.0,49.0,22.0,0.04989816700610998,0.02240325865580448,224.0,5.0,9.0,-0.21466765499129997,0.020019218449711725,3.1290495632211526,3.3471811464214545,15.590909090909092,19.495125476779368,3508.090909090909,10160.640816893261,448.3636363636364,334.36038606359307,63.0,0.04045058883768561,32.0,0.046370967741935484,170.0,0.026174730247128436
287,1022.0,76.0,29.0,0.07436399217221135,0.02837573385518591,362.0,4.0,8.0,-0.21524640091664787,0.013375981389938936,3.9630528825609064,4.566800527825942,21.0,25.0736845152924,22754.137931034482,108103.19047597266,396.51724137931035,422.7652499902121,61.0,0.046994535519125684,40.0,0.029487179487179487,316.0,0.01490857946554149
206,1.0,0.0,0.0,0.0,0.0,0.0,0.0,0.0,0.0,1.0,0.0,,,,,,,0.0,1.0,0.0,1.0,0.0,1.0,
501,1.0,0.0,0.0,0.0,0.0,0.0,0.0,0.0,0.0,1.0,0.0,,,,,,,0.0,1.0,0.0,1.0,0.0,1.0,
53,1.0,0.0,0.0,0.0,0.0,0.0,0.0,0.0,0.0,1.0,0.0,,,,,,,0.0,1.0,0.0,1.0,0.0,1.0,
221,1.0,0.0,0.0,0.0,0.0,0.0,0.0,0.0,0.0,1.0,0.0,,,,,,,0.0,1.0,0.0,1.0,0.0,1.0,
308,1.0,0.0,0.0,0.0,0.0,0.0,0.0,0.0,0.0,1.0,0.0,,,,,,,0.0,1.0,0.0,1.0,0.0,1.0,
186,1.0,0.0,0.0,0.0,0.0,0.0,0.0,0.0,0.0,1.0,0.0,,,,,,,0.0,1.0,0.0,1.0,0.0,1.0,
176,1218.0,61.0,28.0,0.05008210180623974,0.022988505747126436,417.0,4.0,7.0,-0.2596593615376567,0.011563825862387014,4.0732437615891905,4.873075750773632,24.464285714285715,26.387878904171597,36921.67857142857,112056.2108988334,671.75,509.76210312822815,62.0,0.05076679005817028,39.0,0.03913630229419703,370.0,0.012612612612612612
273,1.0,0.0,0.0,0.0,0.0,0.0,0.0,0.0,0.0,1.0,0.0,,,,,,,0.0,1.0,0.0,1.0,0.0,1.0,
534,1.0,0.0,0.0,0.0,0.0,0.0,0.0,0.0,0.0,1.0,0.0,,,,,,,0.0,1.0,0.0,1.0,0.0,1.0,
62,1.0,0.0,0.0,0.0,0.0,0.0,0.0,0.0,0.0,1.0,0.0,,,,,,,0.0,1.0,0.0,1.0,0.0,1.0,
255,1.0,0.0,0.0,0.0,0.0,0.0,0.0,0.0,0.0,1.0,0.0,,,,,,,0.0,1.0,0.0,1.0,0.0,1.0,
529,1.0,0.0,0.0,0.0,0.0,0.0,0.0,0.0,0.0,1.0,0.0,,,,,,,0.0,1.0,0.0,1.0,0.0,1.0,
350,1.0,0.0,0.0,0.0,0.0,0.0,0.0,0.0,0.0,1.0,0.0,,,,,,,0.0,1.0,0.0,1.0,0.0,1.0,
303,1.0,0.0,0.0,0.0,0.0,0.0,0.0,0.0,0.0,1.0,0.0,,,,,,,0.0,1.0,0.0,1.0,0.0,1.0,
26,1.0,0.0,0.0,0.0,0.0,0.0,0.0,0.0,0.0,1.0,0.0,,,,,,,0.0,1.0,0.0,1.0,0.0,1.0,
462,1.0,0.0,0.0,0.0,0.0,0.0,0.0,0.0,0.0,1.0,0.0,,,,,,,0.0,1.0,0.0,1.0,0.0,1.0,
249,2292.0,140.0,85.0,0.06108202443280977,0.037085514834205933,883.0,4.0,8.0,-0.1871055494642082,0.006717975978613416,3.8013665419180023,4.541840533769948,24.8,24.102135614431983,10736.388235294118,64248.82338480312,429.4235294117647,363.91732663180164,150.0,0.025950782997762864,101.0,0.013663366336633663,799.0,0.006991822484873009
426,1.0,0.0,0.0,0.0,0.0,0.0,0.0,0.0,0.0,1.0,0.0,,,,,,,0.0,1.0,0.0,1.0,0.0,1.0,
244,1.0,0.0,0.0,0.0,0.0,0.0,0.0,0.0,0.0,1.0,0.0,,,,,,,0.0,1.0,0.0,1.0,0.0,1.0,
313,1.0,0.0,0.0,0.0,0.0,0.0,0.0,0.0,0.0,1.0,0.0,,,,,,,0.0,1.0,0.0,1.0,0.0,1.0,
68,1.0,0.0,0.0,0.0,0.0,0.0,0.0,0.0,0.0,1.0,0.0,,,,,,,0.0,1.0,0.0,1.0,0.0,1.0,
478,1.0,0.0,0.0,0.0,0.0,0.0,0.0,0.0,0.0,1.0,0.0,,,,,,,0.0,1.0,0.0,1.0,0.0,1.0,
496,1.0,0.0,0.0,0.0,0.0,0.0,0.0,0.0,0.0,1.0,0.0,,,,,,,0.0,1.0,0.0,1.0,0.0,1.0,
328,1.0,0.0,0.0,0.0,0.0,0.0,0.0,0.0,0.0,1.0,0.0,,,,,,,0.0,1.0,0.0,1.0,0.0,1.0,
533,2925.0,123.0,71.0,0.04205128205128205,0.024273504273504273,562.0,5.0,10.0,-0.19702911424987968,0.009052213573879891,2.5858125335178985,3.142751748140673,15.352112676056338,15.768660835679244,14470.084507042253,71702.9956570159,439.9577464788732,400.57094592803685,132.0,0.023132084200786492,87.0,0.013365410318096765,482.0,0.00989466964570699
337,1.0,0.0,0.0,0.0,0.0,0.0,0.0,0.0,0.0,1.0,0.0,,,,,,,0.0,1.0,0.0,1.0,0.0,1.0,
535,1.0,0.0,0.0,0.0,0.0,0.0,0.0,0.0,0.0,1.0,0.0,,,,,,,0.0,1.0,0.0,1.0,0.0,1.0,
315,1.0,0.0,0.0,0.0,0.0,0.0,0.0,0.0,0.0,1.0,0.0,,,,,,,0.0,1.0,0.0,1.0,0.0,1.0,
351,1.0,0.0,0.0,0.0,0.0,0.0,0.0,0.0,0.0,1.0,0.0,,,,,,,0.0,1.0,0.0,1.0,0.0,1.0,
422,1.0,0.0,0.0,0.0,0.0,0.0,0.0,0.0,0.0,1.0,0.0,,,,,,,0.0,1.0,0.0,1.0,0.0,1.0,
155,1277.0,87.0,38.0,0.06812842599843383,0.02975724353954581,338.0,4.0,8.0,-0.3173610762621965,0.013555036609133847,4.017791573042965,4.637891143560237,13.921052631578947,14.254051278122134,12647.947368421053,35706.97735659795,602.0,465.43867253886077,75.0,0.02954954954954955,51.0,0.018823529411764704,284.0,0.015801522918429303
185,1.0,0.0,0.0,0.0,0.0,0.0,0.0,0.0,0.0,1.0,0.0,,,,,,,0.0,1.0,0.0,1.0,0.0,1.0,
481,1.0,0.0,0.0,0.0,0.0,0.0,0.0,0.0,0.0,1.0,0.0,,,,,,,0.0,1.0,0.0,1.0,0.0,1.0,
100,1.0,0.0,0.0,0.0,0.0,0.0,0.0,0.0,0.0,1.0,0.0,,,,,,,0.0,1.0,0.0,1.0,0.0,1.0,
94,1.0,0.0,0.0,0.0,0.0,0.0,0.0,0.0,0.0,1.0,0.0,,,,,,,0.0,1.0,0.0,1.0,0.0,1.0,
528,17703.0,846.0,359.0,0.04778851042196238,0.020279048748799638,2474.0,6.0,11.0,-0.12538773707207526,0.002542903944655636,2.7130622014451804,3.2327451331266097,18.779944289693592,21.00693714831942,3524.986072423398,16990.01919044614,594.3732590529248,4230.684722359864,490.0,0.007595676307332749,390.0,0.002610243227209808,2308.0,0.0024854654547721913
310,1.0,0.0,0.0,0.0,0.0,0.0,0.0,0.0,0.0,1.0,0.0,,,,,,,0.0,1.0,0.0,1.0,0.0,1.0,
166,1.0,0.0,0.0,0.0,0.0,0.0,0.0,0.0,0.0,1.0,0.0,,,,,,,0.0,1.0,0.0,1.0,0.0,1.0,
540,1.0,0.0,0.0,0.0,0.0,0.0,0.0,0.0,0.0,1.0,0.0,,,,,,,0.0,1.0,0.0,1.0,0.0,1.0,
367,1.0,0.0,0.0,0.0,0.0,0.0,0.0,0.0,0.0,1.0,0.0,,,,,,,0.0,1.0,0.0,1.0,0.0,1.0,
381,1.0,0.0,0.0,0.0,0.0,0.0,0.0,0.0,0.0,1.0,0.0,,,,,,,0.0,1.0,0.0,1.0,0.0,1.0,
499,1.0,0.0,0.0,0.0,0.0,0.0,0.0,0.0,0.0,1.0,0.0,,,,,,,0.0,1.0,0.0,1.0,0.0,1.0,
449,12474.0,443.0,229.0,0.03551386884720218,0.018358185024851693,1642.0,5.0,9.0,-0.15766427053631998,0.0034722299539584386,2.574074177942068,3.098030375748326,16.59825327510917,17.389079454795663,7297.711790393013,43943.92340974831,1071.6812227074236,7500.522025421934,335.0,0.010045580480829387,255.0,0.004693530955689362,1506.0,0.003453737651829007
314,2475.0,98.0,45.0,0.039595959595959594,0.01818181818181818,413.0,4.0,8.0,-0.2562635330174674,0.01235336984884459,4.278311802556372,5.20369596949334,17.155555555555555,13.740379350343936,4655.111111111111,11109.308617795805,449.3777777777778,375.91897997596885,96.0,0.03179824561403509,60.0,0.023163841807909605,344.0,0.014272154044341989
191,1340.0,28.0,18.0,0.020895522388059702,0.013432835820895522,120.0,4.0,8.0,-0.3115427348907688,0.034453781512605045,3.8427523751303205,4.2517881894678755,8.88888888888889,9.005485296867613,40019.5,135164.79919353183,560.4444444444445,532.3384702551378,36.0,0.06031746031746032,25.0,0.03666666666666667,92.0,0.042522694696607743
54,1.0,0.0,0.0,0.0,0.0,0.0,0.0,0.0,0.0,1.0,0.0,,,,,,,0.0,1.0,0.0,1.0,0.0,1.0,
17,1.0,0.0,0.0,0.0,0.0,0.0,0.0,0.0,0.0,1.0,0.0,,,,,,,0.0,1.0,0.0,1.0,0.0,1.0,
289,1.0,0.0,0.0,0.0,0.0,0.0,0.0,0.0,0.0,1.0,0.0,,,,,,,0.0,1.0,0.0,1.0,0.0,1.0,
510,1780.0,153.0,73.0,0.08595505617977528,0.04101123595505618,720.0,5.0,8.0,-0.1993817017434904,0.00746407046824293,2.8661420287314794,3.746083417857545,20.28767123287671,19.260634459495957,13545.90410958904,69181.93829538078,514.2054794520548,377.4515104085578,127.0,0.026496687914010747,90.0,0.01647940074906367,646.0,0.007804737562099503
20,1.0,0.0,0.0,0.0,0.0,0.0,0.0,0.0,0.0,1.0,0.0,,,,,,,0.0,1.0,0.0,1.0,0.0,1.0,
258,1.0,0.0,0.0,0.0,0.0,0.0,0.0,0.0,0.0,1.0,0.0,,,,,,,0.0,1.0,0.0,1.0,0.0,1.0,
379,1.0,0.0,0.0,0.0,0.0,0.0,0.0,0.0,0.0,1.0,0.0,,,,,,,0.0,1.0,0.0,1.0,0.0,1.0,
414,1.0,0.0,0.0,0.0,0.0,0.0,0.0,0.0,0.0,1.0,0.0,,,,,,,0.0,1.0,0.0,1.0,0.0,1.0,
60,1.0,0.0,0.0,0.0,0.0,0.0,0.0,0.0,0.0,1.0,0.0,,,,,,,0.0,1.0,0.0,1.0,0.0,1.0,
226,1.0,0.0,0.0,0.0,0.0,0.0,0.0,0.0,0.0,1.0,0.0,,,,,,,0.0,1.0,0.0,1.0,0.0,1.0,
446,1.0,0.0,0.0,0.0,0.0,0.0,0.0,0.0,0.0,1.0,0.0,,,,,,,0.0,1.0,0.0,1.0,0.0,1.0,
306,2047.0,64.0,34.0,0.03126526624328285,0.016609672691744015,586.0,5.0,9.0,-0.35576263734373004,0.007905253639042036,2.438527932641653,2.6412427533525853,25.91176470588235,26.23240883633071,6378.382352941177,19142.716211187,2784.323529411765,13504.761525695927,81.0,0.03487654320987654,47.0,0.028677150786308975,522.0,0.008714452754428928
138,1.0,0.0,0.0,0.0,0.0,0.0,0.0,0.0,0.0,1.0,0.0,,,,,,,0.0,1.0,0.0,1.0,0.0,1.0,
80,1.0,0.0,0.0,0.0,0.0,0.0,0.0,0.0,0.0,1.0,0.0,,,,,,,0.0,1.0,0.0,1.0,0.0,1.0,
160,1.0,0.0,0.0,0.0,0.0,0.0,0.0,0.0,0.0,1.0,0.0,,,,,,,0.0,1.0,0.0,1.0,0.0,1.0,
179,1.0,0.0,0.0,0.0,0.0,0.0,0.0,0.0,0.0,1.0,0.0,,,,,,,0.0,1.0,0.0,1.0,0.0,1.0,
456,1.0,0.0,0.0,0.0,0.0,0.0,0.0,0.0,0.0,1.0,0.0,,,,,,,0.0,1.0,0.0,1.0,0.0,1.0,
104,2472.0,224.0,139.0,0.09061488673139159,0.05622977346278317,1306.0,5.0,9.0,-0.14055105591618774,0.004736171985472297,2.3299865089966834,2.8192542221423653,24.158273381294965,20.301064575978977,5535.661870503597,17880.456830126397,488.841726618705,1442.1136728611698,216.0,0.01955211024978467,163.0,0.010603650685450276,1201.0,0.004737718567860117
460,1.0,0.0,0.0,0.0,0.0,0.0,0.0,0.0,0.0,1.0,0.0,,,,,,,0.0,1.0,0.0,1.0,0.0,1.0,
342,1387.0,134.0,68.0,0.0966113914924297,0.049026676279740444,818.0,4.0,7.0,-0.3183929003113839,0.006332428558175446,4.3903403215110615,5.211020718079351,22.220588235294116,25.925144272237564,22756.632352941175,80313.50087879965,555.7058823529412,522.3575814579266,118.0,0.026944806605823556,85.0,0.015966386554621848,748.0,0.006589638411041671
148,3815.0,232.0,116.0,0.06081258191349934,0.03040629095674967,1368.0,4.0,7.0,-0.2654638577636668,0.004200943715054522,3.469089054804607,4.153079993042793,26.620689655172413,28.516073861769488,20082.853448275862,70965.15418660431,631.8879310344828,518.8156069281948,185.0,0.022209165687426556,139.0,0.011677614430194974,1272.0,0.004209778859809292
393,1.0,0.0,0.0,0.0,0.0,0.0,0.0,0.0,0.0,1.0,0.0,,,,,,,0.0,1.0,0.0,1.0,0.0,1.0,
72,1.0,0.0,0.0,0.0,0.0,0.0,0.0,0.0,0.0,1.0,0.0,,,,,,,0.0,1.0,0.0,1.0,0.0,1.0,
225,1.0,0.0,0.0,0.0,0.0,0.0,0.0,0.0,0.0,1.0,0.0,,,,,,,0.0,1.0,0.0,1.0,0.0,1.0,
293,1.0,0.0,0.0,0.0,0.0,0.0,0.0,0.0,0.0,1.0,0.0,,,,,,,0.0,1.0,0.0,1.0,0.0,1.0,
276,1.0,0.0,0.0,0.0,0.0,0.0,0.0,0.0,0.0,1.0,0.0,,,,,,,0.0,1.0,0.0,1.0,0.0,1.0,
432,917.0,50.0,26.0,0.05452562704471101,0.028353326063249727,579.0,4.0,7.0,-0.31012420588973894,0.008922435173398833,2.7655828198357657,3.4489809296167966,39.42307692307692,34.69778653650034,48729.5,119279.4682194364,849.2307692307693,614.5577088563717,67.0,0.05472636815920398,39.0,0.04993252361673414,521.0,0.009700280525616419
175,1.0,0.0,0.0,0.0,0.0,0.0,0.0,0.0,0.0,1.0,0.0,,,,,,,0.0,1.0,0.0,1.0,0.0,1.0,
415,1953.0,95.0,43.0,0.04864311315924219,0.022017409114183307,663.0,5.0,9.0,-0.3834252154975704,0.007860453035501907,3.101382130111536,3.6014555658924703,28.674418604651162,32.77954618230389,23661.46511627907,93403.96722174283,761.1395348837209,524.9277505721277,92.0,0.0389393215480172,57.0,0.02944862155388471,596.0,0.008386441825052169
39,1.0,0.0,0.0,0.0,0.0,0.0,0.0,0.0,0.0,1.0,0.0,,,,,,,0.0,1.0,0.0,1.0,0.0,1.0,
347,1.0,0.0,0.0,0.0,0.0,0.0,0.0,0.0,0.0,1.0,0.0,,,,,,,0.0,1.0,0.0,1.0,0.0,1.0,
297,1.0,0.0,0.0,0.0,0.0,0.0,0.0,0.0,0.0,1.0,0.0,,,,,,,0.0,1.0,0.0,1.0,0.0,1.0,
469,1.0,0.0,0.0,0.0,0.0,0.0,0.0,0.0,0.0,1.0,0.0,,,,,,,0.0,1.0,0.0,1.0,0.0,1.0,
420,1.0,0.0,0.0,0.0,0.0,0.0,0.0,0.0,0.0,1.0,0.0,,,,,,,0.0,1.0,0.0,1.0,0.0,1.0,
47,1.0,0.0,0.0,0.0,0.0,0.0,0.0,0.0,0.0,1.0,0.0,,,,,,,0.0,1.0,0.0,1.0,0.0,1.0,
7,1239.0,131.0,41.0,0.10573042776432606,0.033091202582728005,316.0,5.0,9.0,-0.22612806437247338,0.013803496081977095,2.865892708603076,3.4730579818779654,11.731707317073171,14.0903433291687,7577.292682926829,26904.485189814928,512.2439024390244,349.34592406086796,85.0,0.02857142857142857,53.0,0.018142235123367198,257.0,0.01629377431906615
395,1.0,0.0,0.0,0.0,0.0,0.0,0.0,0.0,0.0,1.0,0.0,,,,,,,0.0,1.0,0.0,1.0,0.0,1.0,
296,1007.0,64.0,31.0,0.06355511420059583,0.030784508440913606,496.0,5.0,10.0,-0.26844498476297957,0.009718149234278266,2.5775624134466173,3.516693842905166,26.741935483870968,28.979378365442045,7695.5161290322585,13464.421111308242,535.7096774193549,477.7091295830473,79.0,0.04219409282700422,43.0,0.04097452934662237,432.0,0.010763083268883733
548,1.0,0.0,0.0,0.0,0.0,0.0,0.0,0.0,0.0,1.0,0.0,,,,,,,0.0,1.0,0.0,1.0,0.0,1.0,
183,1.0,0.0,0.0,0.0,0.0,0.0,0.0,0.0,0.0,1.0,0.0,,,,,,,0.0,1.0,0.0,1.0,0.0,1.0,
119,1.0,0.0,0.0,0.0,0.0,0.0,0.0,0.0,0.0,1.0,0.0,,,,,,,0.0,1.0,0.0,1.0,0.0,1.0,
241,1.0,0.0,0.0,0.0,0.0,0.0,0.0,0.0,0.0,1.0,0.0,,,,,,,0.0,1.0,0.0,1.0,0.0,1.0,
199,1.0,0.0,0.0,0.0,0.0,0.0,0.0,0.0,0.0,1.0,0.0,,,,,,,0.0,1.0,0.0,1.0,0.0,1.0,
127,1.0,0.0,0.0,0.0,0.0,0.0,0.0,0.0,0.0,1.0,0.0,,,,,,,0.0,1.0,0.0,1.0,0.0,1.0,
65,1.0,0.0,0.0,0.0,0.0,0.0,0.0,0.0,0.0,1.0,0.0,,,,,,,0.0,1.0,0.0,1.0,0.0,1.0,
77,1100.0,72.0,55.0,0.06545454545454546,0.05,455.0,5.0,9.0,-0.20256117345574143,0.010824417872876023,3.4984041525660317,3.9829652489273277,14.636363636363637,13.445328538348637,7487.327272727272,25122.6810432721,474.76363636363635,360.2916477035773,108.0,0.02336448598130841,69.0,0.0123614663256607,385.0,0.012567640692640693
134,1.0,0.0,0.0,0.0,0.0,0.0,0.0,0.0,0.0,1.0,0.0,,,,,,,0.0,1.0,0.0,1.0,0.0,1.0,
410,1.0,0.0,0.0,0.0,0.0,0.0,0.0,0.0,0.0,1.0,0.0,,,,,,,0.0,1.0,0.0,1.0,0.0,1.0,
163,1.0,0.0,0.0,0.0,0.0,0.0,0.0,0.0,0.0,1.0,0.0,,,,,,,0.0,1.0,0.0,1.0,0.0,1.0,
9,1.0,0.0,0.0,0.0,0.0,0.0,0.0,0.0,0.0,1.0,0.0,,,,,,,0.0,1.0,0.0,1.0,0.0,1.0,
295,1.0,0.0,0.0,0.0,0.0,0.0,0.0,0.0,0.0,1.0,0.0,,,,,,,0.0,1.0,0.0,1.0,0.0,1.0,
324,1.0,0.0,0.0,0.0,0.0,0.0,0.0,0.0,0.0,1.0,0.0,,,,,,,0.0,1.0,0.0,1.0,0.0,1.0,
257,1.0,0.0,0.0,0.0,0.0,0.0,0.0,0.0,0.0,1.0,0.0,,,,,,,0.0,1.0,0.0,1.0,0.0,1.0,
425,1.0,0.0,0.0,0.0,0.0,0.0,0.0,0.0,0.0,1.0,0.0,,,,,,,0.0,1.0,0.0,1.0,0.0,1.0,
102,1.0,0.0,0.0,0.0,0.0,0.0,0.0,0.0,0.0,1.0,0.0,,,,,,,0.0,1.0,0.0,1.0,0.0,1.0,
173,1.0,0.0,0.0,0.0,0.0,0.0,0.0,0.0,0.0,1.0,0.0,,,,,,,0.0,1.0,0.0,1.0,0.0,1.0,
237,1.0,0.0,0.0,0.0,0.0,0.0,0.0,0.0,0.0,1.0,0.0,,,,,,,0.0,1.0,0.0,1.0,0.0,1.0,
158,1.0,0.0,0.0,0.0,0.0,0.0,0.0,0.0,0.0,1.0,0.0,,,,,,,0.0,1.0,0.0,1.0,0.0,1.0,
161,1.0,0.0,0.0,0.0,0.0,0.0,0.0,0.0,0.0,1.0,0.0,,,,,,,0.0,1.0,0.0,1.0,0.0,1.0,
79,1254.0,112.0,50.0,0.08931419457735247,0.03987240829346093,675.0,4.0,8.0,-0.26433277964710117,0.007548082206835916,4.108434188392991,4.907151317450957,25.08,35.85294409110638,20858.48,45849.424232040255,657.46,501.0267940938887,98.0,0.03723963812329055,63.0,0.025601638504864313,610.0,0.007865622224016797
312,4207.0,332.0,123.0,0.07891609222724032,0.029236985975754696,611.0,5.0,9.0,0.07294150078102205,0.00920823160097663,3.8898761856889417,4.573563006173979,11.357723577235772,11.461586661611873,12402.016260162602,58247.30651185439,393.1219512195122,367.4283423389061,185.0,0.01410105757931845,141.0,0.0070921985815602835,528.0,0.00980392156862745
116,2187.0,79.0,42.0,0.0361225422953818,0.019204389574759947,541.0,4.0,8.0,-0.29221650641249075,0.008406928185116725,2.6720045871750657,3.866752815433775,18.428571428571427,18.763113328248792,21544.761904761905,91184.15705770528,527.952380952381,416.33068086277814,91.0,0.02783882783882784,56.0,0.025324675324675326,474.0,0.00929518915977556
165,1.0,0.0,0.0,0.0,0.0,0.0,0.0,0.0,0.0,1.0,0.0,,,,,,,0.0,1.0,0.0,1.0,0.0,1.0,
143,1345.0,79.0,40.0,0.058736059479553904,0.02973977695167286,374.0,4.0,7.0,-0.26001450135012544,0.012917377528637582,3.3130220137256163,3.870640561523823,16.3,14.7770091696527,17311.85,92428.68599075451,396.325,344.5419704114435,84.0,0.03413654618473896,55.0,0.02356902356902357,312.0,0.014902300272075193
399,1.0,0.0,0.0,0.0,0.0,0.0,0.0,0.0,0.0,1.0,0.0,,,,,,,0.0,1.0,0.0,1.0,0.0,1.0,
369,1.0,0.0,0.0,0.0,0.0,0.0,0.0,0.0,0.0,1.0,0.0,,,,,,,0.0,1.0,0.0,1.0,0.0,1.0,
142,3065.0,149.0,58.0,0.04861337683523654,0.01892332789559543,813.0,4.0,7.0,-0.3158963703617888,0.006531789455825593,3.0076361775767184,3.6254455259188894,27.637931034482758,24.095856186791828,29062.155172413793,85146.660601455,2132.9137931034484,10444.257008427438,106.0,0.03881401617250674,71.0,0.02374245472837022,748.0,0.0066325909699403674
320,1.0,0.0,0.0,0.0,0.0,0.0,0.0,0.0,0.0,1.0,0.0,,,,,,,0.0,1.0,0.0,1.0,0.0,1.0,
170,1.0,0.0,0.0,0.0,0.0,0.0,0.0,0.0,0.0,1.0,0.0,,,,,,,0.0,1.0,0.0,1.0,0.0,1.0,
266,1.0,0.0,0.0,0.0,0.0,0.0,0.0,0.0,0.0,1.0,0.0,,,,,,,0.0,1.0,0.0,1.0,0.0,1.0,
71,1.0,0.0,0.0,0.0,0.0,0.0,0.0,0.0,0.0,1.0,0.0,,,,,,,0.0,1.0,0.0,1.0,0.0,1.0,
167,1.0,0.0,0.0,0.0,0.0,0.0,0.0,0.0,0.0,1.0,0.0,,,,,,,0.0,1.0,0.0,1.0,0.0,1.0,
218,1.0,0.0,0.0,0.0,0.0,0.0,0.0,0.0,0.0,1.0,0.0,,,,,,,0.0,1.0,0.0,1.0,0.0,1.0,
554,1.0,0.0,0.0,0.0,0.0,0.0,0.0,0.0,0.0,1.0,0.0,,,,,,,0.0,1.0,0.0,1.0,0.0,1.0,
311,1.0,0.0,0.0,0.0,0.0,0.0,0.0,0.0,0.0,1.0,0.0,,,,,,,0.0,1.0,0.0,1.0,0.0,1.0,
516,1.0,0.0,0.0,0.0,0.0,0.0,0.0,0.0,0.0,1.0,0.0,,,,,,,0.0,1.0,0.0,1.0,0.0,1.0,
542,1.0,0.0,0.0,0.0,0.0,0.0,0.0,0.0,0.0,1.0,0.0,,,,,,,0.0,1.0,0.0,1.0,0.0,1.0,
294,1.0,0.0,0.0,0.0,0.0,0.0,0.0,0.0,0.0,1.0,0.0,,,,,,,0.0,1.0,0.0,1.0,0.0,1.0,
87,1.0,0.0,0.0,0.0,0.0,0.0,0.0,0.0,0.0,1.0,0.0,,,,,,,0.0,1.0,0.0,1.0,0.0,1.0,
122,2496.0,111.0,61.0,0.04447115384615385,0.024439102564102564,606.0,5.0,8.0,-0.32267890683813183,0.008149905899680877,3.4866069360185463,4.034824787309743,17.80327868852459,20.15010854799803,21592.39344262295,80254.77683311894,501.8032786885246,481.3532093176462,109.0,0.027183146449201494,76.0,0.01719298245614035,541.0,0.008612309166837818
407,1.0,0.0,0.0,0.0,0.0,0.0,0.0,0.0,0.0,1.0,0.0,,,,,,,0.0,1.0,0.0,1.0,0.0,1.0,
99,1511.0,95.0,38.0,0.0628722700198544,0.02514890800794176,339.0,4.0,8.0,-0.2641930215644054,0.013859070360091463,4.208476833724552,4.9252892608140435,15.131578947368421,14.584005392771866,17579.184210526317,94844.41840771466,448.1842105263158,347.78818835782624,77.0,0.03383458646616541,47.0,0.020351526364477335,288.0,0.0156794425087108
550,1.0,0.0,0.0,0.0,0.0,0.0,0.0,0.0,0.0,1.0,0.0,,,,,,,0.0,1.0,0.0,1.0,0.0,1.0,
240,1546.0,89.0,39.0,0.057567917205692105,0.025226390685640362,463.0,4.0,8.0,-0.24964146487944008,0.00978934672239208,3.5047151346241066,4.235582733435587,18.564102564102566,24.12658377614678,21587.641025641027,93745.3605712857,493.5897435897436,412.76694349038627,84.0,0.03671830177854274,58.0,0.028433151845130067,395.0,0.010859088864614792
386,1233.0,92.0,66.0,0.0746147607461476,0.0535279805352798,456.0,4.0,8.0,-0.18771013617912113,0.0108155002891845,2.909565955568109,3.6777700184873483,13.196969696969697,14.81933595307127,3588.651515151515,8320.91717790705,436.1363636363636,323.100504410645,122.0,0.023167592467145372,79.0,0.010061668289516391,383.0,0.01215261164955641
29,1.0,0.0,0.0,0.0,0.0,0.0,0.0,0.0,0.0,1.0,0.0,,,,,,,0.0,1.0,0.0,1.0,0.0,1.0,
363,1.0,0.0,0.0,0.0,0.0,0.0,0.0,0.0,0.0,1.0,0.0,,,,,,,0.0,1.0,0.0,1.0,0.0,1.0,
365,1.0,0.0,0.0,0.0,0.0,0.0,0.0,0.0,0.0,1.0,0.0,,,,,,,0.0,1.0,0.0,1.0,0.0,1.0,
202,1.0,0.0,0.0,0.0,0.0,0.0,0.0,0.0,0.0,1.0,0.0,,,,,,,0.0,1.0,0.0,1.0,0.0,1.0,
383,1396.0,81.0,32.0,0.058022922636103154,0.022922636103151862,673.0,4.0,6.0,-0.35552906404693996,0.007778780159909432,4.359853572356453,5.151463658004527,39.71875,40.771646378794905,27004.3125,105954.3976268321,554.0625,582.2964202996185,65.0,0.0673076923076923,48.0,0.0398936170212766,621.0,0.008077502467404291
531,1.0,0.0,0.0,0.0,0.0,0.0,0.0,0.0,0.0,1.0,0.0,,,,,,,0.0,1.0,0.0,1.0,0.0,1.0,
318,1.0,0.0,0.0,0.0,0.0,0.0,0.0,0.0,0.0,1.0,0.0,,,,,,,0.0,1.0,0.0,1.0,0.0,1.0,
391,1.0,0.0,0.0,0.0,0.0,0.0,0.0,0.0,0.0,1.0,0.0,,,,,,,0.0,1.0,0.0,1.0,0.0,1.0,
24,2392.0,134.0,68.0,0.056020066889632104,0.028428093645484948,765.0,4.0,8.0,-0.26802181014518284,0.007538582623276186,3.6295438271208087,4.180657777932716,25.955882352941178,25.157991259666446,14139.764705882353,71646.11283062573,536.7647058823529,434.26947169751975,126.0,0.032507936507936507,87.0,0.01871157444533547,684.0,0.007915714126702798
78,1.0,0.0,0.0,0.0,0.0,0.0,0.0,0.0,0.0,1.0,0.0,,,,,,,0.0,1.0,0.0,1.0,0.0,1.0,
44,1.0,0.0,0.0,0.0,0.0,0.0,0.0,0.0,0.0,1.0,0.0,,,,,,,0.0,1.0,0.0,1.0,0.0,1.0,
84,1.0,0.0,0.0,0.0,0.0,0.0,0.0,0.0,0.0,1.0,0.0,,,,,,,0.0,1.0,0.0,1.0,0.0,1.0,
135,1572.0,127.0,65.0,0.08078880407124682,0.041348600508905854,829.0,4.0,7.0,-0.25086612868202846,0.0068093215153581235,3.6521780671996793,4.435477574362609,27.584615384615386,22.917170121778398,29478.353846153845,87331.17585489084,614.6461538461539,548.873936227457,114.0,0.03415618692749573,84.0,0.022662076878944348,758.0,0.007023279645036825
340,1019.0,82.0,43.0,0.08047105004906771,0.042198233562315994,679.0,4.0,7.0,-0.3124475738059569,0.007463691616597374,3.722459826327727,4.560011090156383,27.441860465116278,37.10281273458576,21593.81395348837,88756.66126465726,696.9767441860465,461.23033081511267,88.0,0.035788923719958204,55.0,0.022895622895622896,619.0,0.007931155271839432
271,1.0,0.0,0.0,0.0,0.0,0.0,0.0,0.0,0.0,1.0,0.0,,,,,,,0.0,1.0,0.0,1.0,0.0,1.0,
370,1.0,0.0,0.0,0.0,0.0,0.0,0.0,0.0,0.0,1.0,0.0,,,,,,,0.0,1.0,0.0,1.0,0.0,1.0,
330,18497.0,878.0,376.0,0.04746715683624372,0.020327620695247878,2397.0,5.0,8.0,-0.13113312877041663,0.0024829311542043024,2.9701274385655547,3.644753734956466,15.800531914893616,19.635240240229674,8316.409574468085,38183.85634763636,892.031914893617,5854.652414328152,493.0,0.00694272662807764,409.0,0.0027086629272735988,2243.0,0.0023826729446313898
384,1.0,0.0,0.0,0.0,0.0,0.0,0.0,0.0,0.0,1.0,0.0,,,,,,,0.0,1.0,0.0,1.0,0.0,1.0,
133,1098.0,79.0,52.0,0.07194899817850638,0.04735883424408015,659.0,4.0,7.0,-0.2120186378733061,0.0073981486179206775,2.984367808515242,3.609603205714099,21.865384615384617,24.294688281561154,15294.98076923077,81377.73244366488,3576.019230769231,15415.191643423586,104.0,0.030433159073935772,70.0,0.020703933747412008,586.0,0.007981097400892622
504,1.0,0.0,0.0,0.0,0.0,0.0,0.0,0.0,0.0,1.0,0.0,,,,,,,0.0,1.0,0.0,1.0,0.0,1.0,
198,3043.0,126.0,73.0,0.04140650673677292,0.023989484061781138,401.0,4.0,8.0,-0.19098769064371196,0.012019950124688279,3.6152936672546265,4.362297595820709,10.136986301369863,11.861431765194297,10459.04109589041,69006.86938555879,354.6027397260274,334.5146039659054,117.0,0.020778072502210435,79.0,0.006815968841285297,349.0,0.012712841287092843
28,2528.0,263.0,94.0,0.10403481012658228,0.037183544303797465,850.0,4.0,8.0,-0.187419727016221,0.007022794983717869,2.999488116569007,3.9642906170698016,22.03191489361702,16.780467449464695,21880.14893617021,70587.53954849066,633.3829787234042,541.1177184700118,165.0,0.025129342202512936,116.0,0.016041979010494752,753.0,0.007268797151818259
162,1.0,0.0,0.0,0.0,0.0,0.0,0.0,0.0,0.0,1.0,0.0,,,,,,,0.0,1.0,0.0,1.0,0.0,1.0,
346,1933.0,190.0,99.0,0.0982928091050181,0.0512157268494568,1104.0,4.0,7.0,-0.3042205958543318,0.0048254431261250605,4.251772729700242,5.214662455719163,22.414141414141415,25.490743061719247,16617.11111111111,64287.645160171945,595.0,494.7422142751299,186.0,0.01976169718105202,127.0,0.01274840644919385,985.0,0.005078205604391069
326,1303.0,113.0,48.0,0.08672294704528012,0.03683806600153492,640.0,4.0,6.0,-0.3150554181066882,0.008866392801251956,2.4545821224847257,3.18441739526418,28.333333333333332,37.82984565422151,30524.5625,91169.4066086376,751.5208333333334,587.3308263372289,88.0,0.04258098223615465,62.0,0.030142781597038603,582.0,0.009274210243033992
45,1.0,0.0,0.0,0.0,0.0,0.0,0.0,0.0,0.0,1.0,0.0,,,,,,,0.0,1.0,0.0,1.0,0.0,1.0,
23,1.0,0.0,0.0,0.0,0.0,0.0,0.0,0.0,0.0,1.0,0.0,,,,,,,0.0,1.0,0.0,1.0,0.0,1.0,
357,1.0,0.0,0.0,0.0,0.0,0.0,0.0,0.0,0.0,1.0,0.0,,,,,,,0.0,1.0,0.0,1.0,0.0,1.0,
129,1.0,0.0,0.0,0.0,0.0,0.0,0.0,0.0,0.0,1.0,0.0,,,,,,,0.0,1.0,0.0,1.0,0.0,1.0,
419,1.0,0.0,0.0,0.0,0.0,0.0,0.0,0.0,0.0,1.0,0.0,,,,,,,0.0,1.0,0.0,1.0,0.0,1.0,
382,1929.0,343.0,275.0,0.1778123379989632,0.14256091238983928,1501.0,4.0,8.0,-0.2555196895494601,0.00774417055296469,1.2139953858528483,2.473349671742806,31.89818181818182,13.242239455059103,16947.316363636364,31894.31074838363,1000.7163636363637,449.0266721228105,337.0,0.020488907729263813,294.0,0.009960298112419028,1416.0,0.0070871014753149265
523,1.0,0.0,0.0,0.0,0.0,0.0,0.0,0.0,0.0,1.0,0.0,,,,,,,0.0,1.0,0.0,1.0,0.0,1.0,
412,1.0,0.0,0.0,0.0,0.0,0.0,0.0,0.0,0.0,1.0,0.0,,,,,,,0.0,1.0,0.0,1.0,0.0,1.0,
12,1.0,0.0,0.0,0.0,0.0,0.0,0.0,0.0,0.0,1.0,0.0,,,,,,,0.0,1.0,0.0,1.0,0.0,1.0,
285,1.0,0.0,0.0,0.0,0.0,0.0,0.0,0.0,0.0,1.0,0.0,,,,,,,0.0,1.0,0.0,1.0,0.0,1.0,
267,2755.0,48.0,34.0,0.017422867513611617,0.012341197822141561,226.0,4.0,8.0,-0.20524992020427707,0.018997050147492624,3.1231954927829797,3.7142579116236116,10.029411764705882,11.343527032467996,1601.6176470588234,4592.382055321782,284.7352941176471,187.34339480711526,66.0,0.035897435897435895,43.0,0.023255813953488372,182.0,0.022038734745917065
546,1.0,0.0,0.0,0.0,0.0,0.0,0.0,0.0,0.0,1.0,0.0,,,,,,,0.0,1.0,0.0,1.0,0.0,1.0,
246,1.0,0.0,0.0,0.0,0.0,0.0,0.0,0.0,0.0,1.0,0.0,,,,,,,0.0,1.0,0.0,1.0,0.0,1.0,
515,1.0,0.0,0.0,0.0,0.0,0.0,0.0,0.0,0.0,1.0,0.0,,,,,,,0.0,1.0,0.0,1.0,0.0,1.0,
300,1.0,0.0,0.0,0.0,0.0,0.0,0.0,0.0,0.0,1.0,0.0,,,,,,,0.0,1.0,0.0,1.0,0.0,1.0,
6,1.0,0.0,0.0,0.0,0.0,0.0,0.0,0.0,0.0,1.0,0.0,,,,,,,0.0,1.0,0.0,1.0,0.0,1.0,
376,1.0,0.0,0.0,0.0,0.0,0.0,0.0,0.0,0.0,1.0,0.0,,,,,,,0.0,1.0,0.0,1.0,0.0,1.0,
42,1.0,0.0,0.0,0.0,0.0,0.0,0.0,0.0,0.0,1.0,0.0,,,,,,,0.0,1.0,0.0,1.0,0.0,1.0,
441,1.0,0.0,0.0,0.0,0.0,0.0,0.0,0.0,0.0,1.0,0.0,,,,,,,0.0,1.0,0.0,1.0,0.0,1.0,
201,1.0,0.0,0.0,0.0,0.0,0.0,0.0,0.0,0.0,1.0,0.0,,,,,,,0.0,1.0,0.0,1.0,0.0,1.0,
309,1.0,0.0,0.0,0.0,0.0,0.0,0.0,0.0,0.0,1.0,0.0,,,,,,,0.0,1.0,0.0,1.0,0.0,1.0,
248,1.0,0.0,0.0,0.0,0.0,0.0,0.0,0.0,0.0,1.0,0.0,,,,,,,0.0,1.0,0.0,1.0,0.0,1.0,
286,1.0,0.0,0.0,0.0,0.0,0.0,0.0,0.0,0.0,1.0,0.0,,,,,,,0.0,1.0,0.0,1.0,0.0,1.0,
551,1.0,0.0,0.0,0.0,0.0,0.0,0.0,0.0,0.0,1.0,0.0,,,,,,,0.0,1.0,0.0,1.0,0.0,1.0,
146,1.0,0.0,0.0,0.0,0.0,0.0,0.0,0.0,0.0,1.0,0.0,,,,,,,0.0,1.0,0.0,1.0,0.0,1.0,
291,2351.0,128.0,76.0,0.05444491705657167,0.03232666950233943,1139.0,4.0,7.0,-0.21561054820049624,0.0048897454215534545,2.196082372427679,2.852646280703558,31.0,27.300954292170044,13871.21052631579,70376.52907646423,477.5131578947368,451.09356869900796,152.0,0.025705820843499476,94.0,0.016700983756577442,1041.0,0.0051226631197812756
228,1.0,0.0,0.0,0.0,0.0,0.0,0.0,0.0,0.0,1.0,0.0,,,,,,,0.0,1.0,0.0,1.0,0.0,1.0,
401,1.0,0.0,0.0,0.0,0.0,0.0,0.0,0.0,0.0,1.0,0.0,,,,,,,0.0,1.0,0.0,1.0,0.0,1.0,
194,1.0,0.0,0.0,0.0,0.0,0.0,0.0,0.0,0.0,1.0,0.0,,,,,,,0.0,1.0,0.0,1.0,0.0,1.0,
207,1.0,0.0,0.0,0.0,0.0,0.0,0.0,0.0,0.0,1.0,0.0,,,,,,,0.0,1.0,0.0,1.0,0.0,1.0,
247,1.0,0.0,0.0,0.0,0.0,0.0,0.0,0.0,0.0,1.0,0.0,,,,,,,0.0,1.0,0.0,1.0,0.0,1.0,
76,1.0,0.0,0.0,0.0,0.0,0.0,0.0,0.0,0.0,1.0,0.0,,,,,,,0.0,1.0,0.0,1.0,0.0,1.0,
51,1.0,0.0,0.0,0.0,0.0,0.0,0.0,0.0,0.0,1.0,0.0,,,,,,,0.0,1.0,0.0,1.0,0.0,1.0,
192,1.0,0.0,0.0,0.0,0.0,0.0,0.0,0.0,0.0,1.0,0.0,,,,,,,0.0,1.0,0.0,1.0,0.0,1.0,
288,1.0,0.0,0.0,0.0,0.0,0.0,0.0,0.0,0.0,1.0,0.0,,,,,,,0.0,1.0,0.0,1.0,0.0,1.0,
423,1.0,0.0,0.0,0.0,0.0,0.0,0.0,0.0,0.0,1.0,0.0,,,,,,,0.0,1.0,0.0,1.0,0.0,1.0,
200,1.0,0.0,0.0,0.0,0.0,0.0,0.0,0.0,0.0,1.0,0.0,,,,,,,0.0,1.0,0.0,1.0,0.0,1.0,
